Workbook

Sheet Municipality level
A1: Municipality | B1: Number of households (2019) (x1000) | C1: Heat supply in PJ (2019) | D1: Heat supplier | E1: Source | F1: Heat sources | G1: Source
A2: Utrecht - Nieuwegein | B2: 54.4 | C2: 2.9 | D2: Eneco | E2: Warmtemonitor-2019 | F2: Gas power plant/cogeneration plant (72%); Biomass power plant (10%); Peak gas boilers (18%) | G2: Eneco Warmte-etiket 2019
A3: Rotterdam | B3: 55.9 | C3: 3.4 | D3: Eneco en Vattenfall | E3: Warmtemonitor-2019 | F3: Eneco: Gas power plant/cogeneration plant (7%); Waste processing plant (54%); Residual heat (18%); Biomass power plant (15%); Peak gas boilers (6%) Vattenfall: Waste incineration plant residual heat (98%); gas-fired boiler (peak/temporary) (2%) | G3: Eneco Warmte-etiket 2019 | H3: Vattenfall Stadswarmte-etiket 2018
A4: B3-Hoek | B4: 0.1 | C4: 1.6 | D4: Eneco | E4: Warmtemonitor-2019 | F4: Gas power plant/cogeneration plant (60%); Waste processing plant (16%); Biomass power plant (21%); Peak gas boilers (3%) | G4: Eneco Warmte-etiket 2019
A5: Den Haag | B5: 6.6 | C5: 1.1 | D5: Eneco | E5: Warmtemonitor-2019 | F5: Gas power plant/cogeneration plant (49%); Residual heat (21%); Peak gas boilers (30%) | G5: Eneco Warmte-etiket 2019
A6: Ypenburg | B6: 10.2 | C6: 0.3 | D6: Eneco | E6: Warmtemonitor-2019 | F6: Gas power plant/cogeneration plant (62%); Residual heat (1%); Peak gas boilers (37%) | G6: Eneco Warmte-etiket 2019
A7: Amsterdam Zuid en Oos incl. Amstelveen | B7: 25 | C7: 1.8 | D7: Vattenfall en Eneco | E7: Warmtemonitor-2019 | F7: Eneco (Amstelveen): Gas power plant/cogeneration plant (74%); Residual heat (3%); Peak gas boilers (23%) Vattenfall (Amsterdam Zuid en Oost): gas-fired boiler (peak/temporary) (13%); Power station (gas) residual heat (87%) | G7: Eneco Warmte-etiket 2019 | H7: Vattenfall Stadswarmte-etiket 2018
A8: Amsterdam Noord- en West | B8: 17.4 | C8: 1 | D8: Westpoort Warmte | E8: Warmtemonitor-2019 | F8: Waste incinerator (100%) | G8: Westpoort Warmte Jaarverslaag 2021
A9: Almere | B9: 52.4 | C9: 1.9 | D9: Vattenfall | E9: Warmtemonitor-2019 | F9: Zon (0,4%); Gas-fired boiler (peak/temporary) (6%); Power station (gas) residual heat (93%) | G9: Vattenfall Stadswarmte-etiket 2018
A10: Lelystad | B10: 4.8 | C10: 0.2 | D10: Vattenfall | E10: Warmtemonitor-2019 | F10: Biomass (wood) (46%); Gas-fired boiler (peak/temporary) (43%); Gas engines (CHP) (11%) | G10: Vattenfall Stadswarmte-etiket 2018
A11: Leidse regio | B11: 9.3 | C11: 0.7 | D11: Vattenfall | E11: Warmtemonitor-2019 | F11: Gas-fired boiler (peak/temporary) (28%); Power station (gas) residual heat (72%) | G11: Vattenfall Stadswarmte-etiket 2018
A12: Arnhem, Duiven en Westervoort | B12: 15.7 | C12: 0.7 | D12: Vattenfall | E12: Warmtemonitor-2019 | F12: Waste incineration plant residual heat (96%); Gas-fired boiler (peak/temporary) (4%) | G12: Vattenfall Stadswarmte-etiket 2018
A13: Nijmegen | B13: 6.3 | C13: 0.2 | D13: Vattenfall | E13: Warmtemonitor-2019 | F13: Waste incineration plant residual heat (95%); Gas-fired boiler (peak/temporary) (5%) | G13: Vattenfall Stadswarmte-etiket 2018
A14: Warmtenet Breda-Tilburg | B14: 35.7 | C14: 2.4 | D14: Ennatuurlijk | E14: Warmtemonitor-2019 | F14: Residual heat coal (53%); Biomass (31%); Bio oil (5%); Natural gas (11%) | G14: Ennatuurlijk Warmte-etiket 2019
A15: Enschede | B15: 5 | C15: 0.5 | D15: Ennatuurlijk | E15: Warmtemonitor-2019 | F15: Residual heat waste incineration (24%); Biomass (72%); Biogas (4%) | G15: Ennatuurlijk Warmte-etiket 2019
A16: Helmond | B16: 6.4 | C16: 0.3 | D16: Ennatuurlijk | E16: Warmtemonitor-2019 | F16: Natural gas (100%) | G16: Ennatuurlijk Warmte-etiket 2019
A17: Eindhoven | B17: 2.6 | C17: 0.2 | D17: Ennatuurlijk | E17: Warmtemonitor-2019 | F17: Biomass(50%); Natural gas (50%) | G17: Ennatuurlijk Warmte-etiket 2019
A18: Maastricht (Ceramique) | B18: x | C18: x | D18: Ennatuurlijk | F18: Natural gas (100%) | G18: Ennatuurlijk Warmte-etiket 2019
A19: Maastricht (Noord-Westentree) | B19: x | C19: x | D19: Ennatuurlijk | F19: Residual heat industry (78%); Natural gas (22%) | G19: Ennatuurlijk Warmte-etiket 2019
A20: Leeuwarden | B20: x | C20: x | D20: Ennatuurlijk | F20: Natural gas (99%); Biogas (1%) | G20: Ennatuurlijk Warmte-etiket 2019
A21: Alkmaar | B21: 5.7 | C21: 0.4 | D21: HVC | E21: Warmtemonitor-2019 | F21: Waste to energy plant (19%); Bio-energy plant (79%); Gas boilers (2%) | G21: HVC Warmte-etiket 2019
A22: Purmerend | B22: 26.9 | C22: 0.8 | D22: SVP | E22: Warmtemonitor-2019 | F22: Biomass (66%); Natural gas auxiliary heating plants (34%) | G22: SVP Warmte-etiket 2021
A23: Assendelft | B23: x | C23: x | D23: HVC | F23: Gas engines (CHP) (74%); Gas boilers (24%) | G23: HVC Warmte-etiket 2019
A24: Dordrecht | B24: x | C24: x | D24: HVC | F24: Wast to energy plant (89%); Gas boilers (11%) | G24: HVC Warmte-etiket 2019
A25: Total | B25: =SUM(B2:B24) -> 340.4 | C25: =SUM(C2:C24) -> 20.4

Sheet National average calculation
A1: Municipality | B1: Heat supply in PJ (2019) | C1: Gas power plant/cogeneration plant | D1: Weighted | E1: Waste processing plant/incinerator | F1: Weighted | G1: Residual heat (industry) | H1: Weighted | I1: Biomass power plant | J1: Weighted | K1: Peak gas boilers | L1: Weighted | M1: Residual heat (coal) | N1: Weighted | O1: Biogas | P1: Weighted | Q1: Biooil | R1: Weighted | S1: Sanity Check
A2: Utrecht - Nieuwegein | B2: 2.9 | C2: 0.72 | D2: =C2*B2 -> 2.088 | I2: 0.1 | J2: =I2*B2 -> 0.29 | K2: 0.18 | L2: =K2*B2 -> 0.522 | S2: =SUM(C2,I2,K2) -> 1
A3: Rotterdam | B3: 3.4 | C3: 0.07 | D3: =C3*B3 -> 0.238 | E3: 0.54 | F3: =E3*B3 -> 1.836 | G3: 0.18 | H3: =G3*B3 -> 0.612 | I3: 0.15 | J3: =I3*B3 -> 0.51 | K3: 0.06 | L3: =K3*B3 -> 0.204 | S3: =SUM(C3,E3,G3,I3,K3) -> 1
A4: B3-Hoek | B4: 1.6 | C4: 0.6 | D4: =C4*B4 -> 0.96 | E4: 0.16 | F4: =E4*B4 -> 0.256 | I4: 0.21 | J4: =I4*B4 -> 0.336 | K4: 0.03 | L4: =K4*B4 -> 0.048 | S4: =SUM(C4,E4,I4,K4) -> 1
A5: Den Haag | B5: 1.1 | C5: 0.49 | D5: =C5*B5 -> 0.539 | G5: 0.21 | H5: =G5*B5 -> 0.231 | K5: 0.3 | L5: =K5*B5 -> 0.33 | S5: =SUM(C5,G5,K5) -> 1
A6: Ypenburg | B6: 0.3 | C6: 0.62 | D6: =C6*B6 -> 0.186 | G6: 0.01 | H6: =G6*B6 -> 0.003 | K6: 0.37 | L6: =K6*B6 -> 0.111 | S6: =SUM(C6,G6,K6) -> 1
A7: Amsterdam Zuid en Oos incl. Amstelveen | B7: 1.8 | C7: 0.74 | D7: =C7*B7 -> 1.332 | G7: 0.03 | H7: =G7*B7 -> 0.054 | K7: 0.23 | L7: =K7*B7 -> 0.414 | S7: =SUM(C7,G7,K7) -> 1
A8: Amsterdam Noord- en West | B8: 1 | E8: 1 | F8: =E8*B8 -> 1 | S8: =SUM(E8) -> 1
A9: Almere | B9: 1.9 | C9: 0.93 | D9: =C9*B9 -> 1.767 | K9: 0.07 | L9: =K9*B9 -> 0.133 | S9: =SUM(C9,K9) -> 1
A10: Lelystad | B10: 0.2 | C10: 0.11 | D10: =C10*B10 -> 0.022 | I10: 0.46 | J10: =I10*B10 -> 0.092 | K10: 0.43 | L10: =K10*B10 -> 0.086 | S10: =SUM(C10,I10,K10) -> 1
A11: Leidse regio | B11: 0.7 | C11: 0.72 | D11: =C11*B11 -> 0.504 | K11: 0.28 | L11: =K11*B11 -> 0.196 | S11: =SUM(C11,K11) -> 1
A12: Arnhem, Duiven en Westervoort | B12: 0.7 | E12: 0.96 | F12: =E12*B12 -> 0.672 | K12: 0.04 | L12: =K12*B12 -> 0.028 | S12: =SUM(E12,K12) -> 1
A13: Nijmegen | B13: 0.2 | E13: 0.95 | F13: =E13*B13 -> 0.19 | K13: 0.05 | L13: =K13*B13 -> 0.01 | S13: =SUM(E13,K13) -> 1
A14: Warmtenet Breda-Tilburg | B14: 2.4 | C14: 0.11 | D14: =C14*B14 -> 0.264 | I14: 0.31 | J14: =I14*B14 -> 0.744 | M14: 0.53 | N14: =M14*B14 -> 1.272 | Q14: 0.05 | R14: =Q14*B14 -> 0.12 | S14: =SUM(C14,I14,M14,Q14) -> 1
A15: Enschede | B15: 0.5 | E15: 0.24 | F15: =E15*B15 -> 0.12 | I15: 0.72 | J15: =I15*B15 -> 0.36 | O15: 0.04 | P15: =O15*B15 -> 0.02 | S15: =SUM(E15,I15,O15) -> 1
A16: Helmond | B16: 0.3 | C16: 1 | D16: =C16*B16 -> 0.3 | S16: =SUM(C16) -> 1
A17: Eindhoven | B17: 0.2 | C17: 0.5 | D17: =C17*B17 -> 0.1 | I17: 0.5 | J17: =I17*B17 -> 0.1 | S17: =SUM(C17,I17) -> 1
A18: Alkmaar | B18: 0.4 | E18: 0.19 | F18: =E18*B18 -> 0.076 | I18: 0.79 | J18: =I18*B18 -> 0.316 | K18: 0.02 | L18: =K18*B18 -> 0.008 | S18: =SUM(E18,I18,K18) -> 1
A19: Purmerend | B19: 0.8 | C19: 0.34 | D19: =C19*B19 -> 0.272 | I19: 0.66 | J19: =I19*B19 -> 0.528 | S19: =SUM(C19,I19) -> 1
A20: Total | B20: =SUM(B2:B19) -> 20.4 | D20: =SUM(D2:D19) -> 8.572 | F20: =SUM(F2:F19) -> 4.15 | H20: =SUM(H2:H19) -> 0.9 | J20: =SUM(J2:J19) -> 3.276 | L20: =SUM(L2:L19) -> 2.09 | N20: =SUM(N2:N19) -> 1.272 | P20: =SUM(P2:P19) -> 0.02 | R20: =SUM(R2:R19) -> 0.12 | S20: =SUM(C20:R20) -> 20.4
A21: Total (%) | D21: =D20/B20 -> 0.42019608 | F21: =F20/B20 -> 0.20343137 | H21: =H20/B20 -> 0.044117647 | J21: =J20/B20 -> 0.16058824 | L21: =L20/B20 -> 0.10245098 | N21: =N20/B20 -> 0.062352941 | P21: =P20/B20 -> 0.00098039216 | R21: =R20/B20 -> 0.0058823529 | S21: =SUM(D21:R21) -> 1

Sheet National average
A1: Heat_Source | B1: Share
A2: Gas power plant/cogeneration plant | B2: ='National average calculation'!D21 -> 0.42019608
A3: Waste processing plant/incinerator | B3: ='National average calculation'!F21 -> 0.20343137
A4: Residual heat (industry) | B4: ='National average calculation'!H21 -> 0.044117647
A5: Biomass power plant | B5: ='National average calculation'!J21 -> 0.16058824
A6: Peak gas boilers | B6: ='National average calculation'!L21 -> 0.10245098
A7: Residual heat (coal) | B7: ='National average calculation'!N21 -> 0.062352941
A8: Biogas | B8: ='National average calculation'!P21 -> 0.00098039216
A9: Biooil | B9: ='National average calculation'!R21 -> 0.0058823529
