Workbook

Sheet Content
A1: Journal of Industrial Ecology – www.wileyonlinelibrary.com/journal/jie
A3: SUPPORTING INFORMATION FOR:
A5: van Oorschot, J., Sprecher, B., Rijken, B., Witteveen, P., Blok, M., Schouten, N. & van der Voet, E. Towards a low carbon and circular building sector: Building strategies and urbanization pathways for the Netherlands. Journal of Industrial Ecology.
A8: This supporting information provides material intensity data, recycling data, material stock and flow results, and impact data used for GHG emission and land-use calculations.
A12: Supporting Information 2 (S2)
A13: Content
A14: S2-1 | B14: Methods: Material intensity data
A15: S2-2 | B15: Methods: LCI data
A16: S2-3 | B16: Results: Recycling rate (RR) and Maximum recycled content (MRC) values
A17: S2-4 | B17: Results: stocks and flows
A18: S2-5 | B18: Results: GHG emssions and land use
A19: S2-6 | B19: Discussion: Sensitivity analysis: recycling rates

Sheet meta
A1: Title: | B1: Material content intensity of existing and new buildings (kg/m2)
A2: Source: | B2: Oorschot et al. 2023
A3: doi: | B3: https://doi.org/10.1111/jiec.13375
A4: Empirical Source: | B4: Arnoldussen, J., Errami, S., Semenov, R., Roemers, G., Blok, M., Kamps, M., & Faes, K. (2019). Materiaalstromen, milieu-impact en energieverbruik in de woning- en utiliteitsbouw. Uitgangssituatie en doorkijk naar 2030. https://circulairebouweconomie.nl/wp-content/uploads/2020/02/Rapport-Materiaalstromen-in-de-woning-en-utiliteitsbouw-klein.pdf
A5: Temporal Scope: | B5: pre-1945 to 2050
A6: Geographical Scope: | B6: NL
A7: Unit: | B7: kg/m2 useful floor area

Sheet mi_pre2018
A1: Building type | B1: Cohort | C1: Steel | D1: Copper | E1: Aluminum | F1: Other metals | G1: Wood | H1: Concrete | I1: Brick | J1: Other construction materials | K1: Glass | L1: Ceramics | M1: Plastic | N1: Insulation | O1: Other
C2: kg/m2 UFA | D2: kg/m2 UFA | E2: kg/m2 UFA | F2: kg/m2 UFA | G2: kg/m2 UFA | H2: kg/m2 UFA | I2: kg/m2 UFA | J2: kg/m2 UFA | K2: kg/m2 UFA | L2: kg/m2 UFA | M2: kg/m2 UFA | N2: kg/m2 UFA | O2: kg/m2 UFA
A3: detached (vrijstaand) | B3: pre 1945 | C3: 64.536322 | D3: 0.88389121 | E3: 0.15058813 | F3: 2.6386157 | G3: 134.59223 | H3: 1382.6945 | I3: 306.15154 | J3: 361.4761 | K3: 0.090275356 | L3: 18.528318 | M3: 1.281912 | N3: 13.977079 | O3: 1.5863529
B4: 1946-1974 | C4: {=(25/30)*MI_2018!C4:O4+(5/30)*MI_2018!C5:O5} -> 58.195909 | D4: 0.88389121 | E4: 0.24335574 | F4: 2.6610961 | G4: 67.379139 | H4: 1443.4427 | I4: 275.53638 | J4: 453.40153 | K4: 3.3223657 | L4: 15.912624 | M4: 1.6021925 | N4: 14.553683 | O4: 1.9276527
B5: 1975-2005 | C5: {=(25/30)*MI_2018!C5:O5+(5/30)*MI_2018!C6:O6} -> 53.760244 | D5: 0.88389121 | E5: 0.22328286 | F5: 2.6610961 | G5: 28.888637 | H5: 1450.3671 | I5: 122.46061 | J5: 766.16843 | K5: 5.6310016 | L5: 2.8341529 | M5: 1.8005107 | N5: 15.194186 | O5: 1.9343643
B6: 2006-2022 | C6: 53.747728 | D6: 0.88389121 | E6: 0.22328286 | F6: 2.6610961 | G6: 39.052214 | H6: 1450.3671 | I6: 122.46061 | J6: 766.16843 | K6: 5.6310016 | L6: 2.8341529 | M6: 1.8005107 | N6: 16.061438 | O6: 2.0107569
A7: row house (tussenwoning) | B7: pre 1945 | C7: 51.236411 | D7: 0.3514936 | E7: 0.37854946 | F7: 1.469714 | G7: 64.768413 | H7: 1144.3173 | I7: 162.86606 | J7: 297.16811 | K7: 0.23043419 | L7: 2.7625527 | M7: 0.81826994 | N7: 13.219223 | O7: 1.3741256
B8: 1946-1974 | C8: {=(25/30)*MI_2018!C8:O8+(5/30)*MI_2018!C9:O9} -> 53.458639 | D8: 0.3514936 | E8: 0.45919951 | F8: 1.5202925 | G8: 37.434904 | H8: 1238.7901 | I8: 146.57946 | J8: 333.6555 | K8: 2.6610481 | L8: 2.7625527 | M8: 1.2663895 | N8: 13.538303 | O8: 1.9604835
B9: 1975-2005 | C9: {=(25/30)*MI_2018!C9:O9+(5/30)*MI_2018!C10:O10} -> 54.822602 | D9: 0.3514936 | E9: 0.37808582 | F9: 1.5202925 | G9: 22.392487 | H9: 1304.4812 | I9: 65.146426 | J9: 470.94709 | K9: 4.3972009 | L9: 2.7625527 | M9: 1.871411 | N9: 13.953603 | O9: 1.9730191
B10: 2006-2022 | C10: 54.810217 | D10: 0.3514936 | E10: 0.37808582 | F10: 1.5202925 | G10: 32.834915 | H10: 1304.4812 | I10: 65.146426 | J10: 470.94709 | K10: 4.3972009 | L10: 2.7625527 | M10: 1.871411 | N10: 14.505308 | O10: 2.0533811
A11: shop | B11: pre 1945 | C11: 46.466515 | D11: 0.20715254 | E11: 0.11701019 | F11: 0.46113915 | G11: 42.832492 | H11: 1097.8571 | I11: 171.36517 | J11: 275.99688 | K11: 11.018225 | L11: 18.818937 | M11: 1.4989691 | N11: 16.883191 | O11: 2.010927
B12: 1946-1974 | C12: {=(25/30)*MI_2018!C12:O12+(5/30)*MI_2018!C13:O13} -> 46.813977 | D12: 0.20721356 | E12: 0.3543056 | F12: 0.4949922 | G12: 21.920455 | H12: 1175.5815 | I12: 154.22866 | J12: 290.47608 | K12: 14.681625 | L12: 16.489943 | M12: 1.7784211 | N12: 16.398045 | O12: 3.1644152
B13: 1975-2005 | C13: {=(25/30)*MI_2018!C13:O13+(5/30)*MI_2018!C14:O14} -> 48.051661 | D13: 0.20751864 | E13: 1.4716251 | F13: 0.4949922 | G13: 10.256356 | H13: 1208.6321 | I13: 68.546069 | J13: 363.12482 | K13: 17.29834 | L13: 4.8449722 | M13: 1.8114522 | N13: 11.606467 | O13: 3.1290037
B14: 2006-2022 | C14: 48.035462 | D14: 0.20751864 | E14: 1.4716251 | F14: 0.4949922 | G14: 14.176483 | H14: 1208.6321 | I14: 68.546069 | J14: 363.12482 | K14: 17.29834 | L14: 4.8449722 | M14: 1.8114522 | N14: 7.8462588 | O14: 3.1135821
A15: multiple fam (meergezins) | B15: pre 1945 | C15: 63.247574 | D15: 0.28948118 | E15: 0.18861373 | F15: 0.67728006 | G15: 45.8056 | H15: 1191.0069 | I15: 117.82557 | J15: 235.38274 | K15: 0.8534112 | L15: 5.7025354 | M15: 1.0111191 | N15: 19.453145 | O15: 1.977803
B16: 1946-1974 | C16: {=(25/30)*MI_2018!C16:O16+(5/30)*MI_2018!C17:O17} -> 65.670949 | D16: 0.28948118 | E16: 1.319518 | F16: 0.67814006 | G16: 24.518831 | H16: 1336.5841 | I16: 101.91568 | J16: 225.65258 | K16: 4.6697647 | L16: 5.6751515 | M16: 1.4505484 | N16: 18.950573 | O16: 4.6279342
B17: 1975-2005 | C17: {=(25/30)*MI_2018!C17:O17+(5/30)*MI_2018!C18:O18} -> 78.146748 | D17: 0.28948118 | E17: 6.9569849 | F17: 0.68244004 | G17: 9.8615795 | H17: 1591.1174 | I17: 22.366258 | J17: 177.65654 | K17: 7.3957314 | L17: 5.5382321 | M17: 2.0721547 | N17: 12.964776 | O17: 4.7904671
B18: 2006-2022 | C18: 78.130278 | D18: 0.28948118 | E18: 6.9569849 | F18: 0.68244004 | G18: 9.8615795 | H18: 1591.1174 | I18: 22.366258 | J18: 177.65654 | K18: 7.3957314 | L18: 5.5382321 | M18: 2.0721547 | N18: 7.9364855 | O18: 4.7254553
A19: office | B19: pre 1945 | C19: 73.961059 | D19: 0.33846705 | E19: 0.098316514 | F19: 0.77648306 | G19: 49.785507 | H19: 920.82528 | I19: 86.539152 | J19: 304.47309 | K19: 1.6636304 | L19: 5.2831197 | M19: 1.3213307 | N19: 19.886053 | O19: 2.1094657
B20: 1946-1974 | C20: {=(25/30)*MI_2018!C20:O20+(5/30)*MI_2018!C21:O21} -> 76.434134 | D20: 0.33846705 | E20: 1.2623581 | F20: 0.77797777 | G20: 21.658335 | H20: 1032.307 | I20: 78.580251 | J20: 302.45388 | K20: 5.8367979 | L20: 5.2831197 | M20: 1.691792 | N20: 19.97587 | O20: 2.044295
B21: 1975-2005 | C21: {=(25/30)*MI_2018!C21:O21+(5/30)*MI_2018!C22:O22} -> 88.380354 | D21: 0.33846705 | E21: 7.1459152 | F21: 0.78545131 | G21: 3.1591019 | H21: 1301.4637 | I21: 38.785746 | J21: 292.35783 | K21: 8.8176319 | L21: 5.2831197 | M21: 1.7773784 | N21: 14.902099 | O21: 2.1939223
B22: 2006-2022 | C22: 88.364031 | D22: 0.33846705 | E22: 7.1459152 | F22: 0.78545131 | G22: 3.1591019 | H22: 1301.4637 | I22: 38.785746 | J22: 292.35783 | K22: 8.8176319 | L22: 5.2831197 | M22: 1.7773784 | N22: 11.48879 | O22: 2.1294872
A23: industry | B23: pre 1945 | C23: 92.106594 | D23: 0.24424686 | E23: 0.12761051 | F23: 0.18228376 | G23: 77.515276 | H23: 816.66962 | I23: 10.018768 | J23: 39.883714 | K23: 0.079699212 | L23: 0.19992888 | M23: 1.8818544 | N23: 12.388943 | O23: 0.396484
B24: 1946-1974 | C24: {=(25/30)*MI_2018!C24:O24+(5/30)*MI_2018!C25:O25} -> 84.968425 | D24: 0.24424686 | E24: 0.19278973 | F24: 0.18228679 | G24: 32.731022 | H24: 816.74155 | I24: 9.0196439 | J24: 41.714067 | K24: 0.59011594 | L24: 0.19992888 | M24: 2.114923 | N24: 16.396465 | O24: 0.37791462
B25: 1975-2005 | C25: {=(25/30)*MI_2018!C25:O25+(5/30)*MI_2018!C26:O26} -> 80.172771 | D25: 0.24424686 | E25: 0.44696519 | F25: 0.18230195 | G25: 0.80942498 | H25: 819.2532 | I25: 4.0240254 | J25: 50.865835 | K25: 0.95469932 | L25: 0.19992888 | M25: 2.1069969 | N25: 22.017761 | O25: 0.31221954
B26: 2006-2022 | C26: 80.171315 | D26: 0.24424686 | E26: 0.44696519 | F26: 0.18230195 | G26: 0.80942498 | H26: 819.2532 | I26: 4.0240254 | J26: 50.865835 | K26: 0.95469932 | L26: 0.19992888 | M26: 2.1069969 | N26: 31.163158 | O26: 0.30647138
A27: services | B27: pre 1945 | C27: 76.371624 | D27: 0.32171695 | E27: 0.10965742 | F27: 0.75362734 | G27: 56.616517 | H27: 1244.4586 | I27: 141.54174 | J27: 228.63563 | K27: 0.81073296 | L27: 12.265441 | M27: 1.1337826 | N27: 17.710761 | O27: 2.0345577
B28: 1946-1974 | C28: {=(25/30)*MI_2018!C28:O28+(5/30)*MI_2018!C29:O29} -> 76.069464 | D28: 0.32188913 | E28: 1.1115106 | F28: 0.76766215 | G28: 27.060948 | H28: 1329.1327 | I28: 127.38757 | J28: 245.01502 | K28: 2.8722794 | L28: 11.197326 | M28: 1.3916081 | N28: 17.42263 | O28: 3.2508216
B29: 1975-2005 | C29: {=(25/30)*MI_2018!C29:O29+(5/30)*MI_2018!C30:O30} -> 77.420476 | D29: 0.32275004 | E29: 6.1419789 | F29: 0.77157026 | G29: 6.3171164 | H29: 1378.8948 | I29: 56.616698 | J29: 326.912 | K29: 4.1439176 | L29: 5.8567494 | M29: 1.6670462 | N29: 12.921936 | O29: 3.1764031
B30: 2006-2022 | C30: 77.420896 | D30: 0.32275004 | E30: 6.1419789 | F30: 0.77157026 | G30: 7.4154302 | H30: 1378.8948 | I30: 56.616698 | J30: 326.912 | K30: 4.4154544 | L30: 5.8567494 | M30: 1.6713908 | N30: 8.9234627 | O30: 3.1264976

Sheet MI_2018
A1: Building type | B1: Cohort | C1: Steel | D1: Copper | E1: Aluminum | F1: Other metals | G1: Wood | H1: Concrete | I1: Brick | J1: Other construction materials | K1: Glass | L1: Ceramics | M1: Plastic | N1: Insulation | O1: Other
C2: kg/m2 UFA | D2: kg/m2 UFA | E2: kg/m2 UFA | F2: kg/m2 UFA | G2: kg/m2 UFA | H2: kg/m2 UFA | I2: kg/m2 UFA | J2: kg/m2 UFA | K2: kg/m2 UFA | L2: kg/m2 UFA | M2: kg/m2 UFA | N2: kg/m2 UFA | O2: kg/m2 UFA
A3: detached house | B3: <1945 | C3: 64.536322 | D3: 0.88389121 | E3: 0.15058813 | F3: 2.6386157 | G3: 134.59223 | H3: 1382.6945 | I3: 306.15154 | J3: 361.4761 | K3: 0.090275356 | L3: 18.528318 | M3: 1.281912 | N3: 13.977079 | O3: 1.5863529
B4: 1945-1970 | C4: 59.082541 | D4: 0.88389121 | E4: 0.24737031 | F4: 2.6610961 | G4: 75.483783 | H4: 1442.0578 | I4: 306.15154 | J4: 390.84815 | K4: 2.8606385 | L4: 18.528318 | M4: 1.5625289 | N4: 14.460272 | O4: 1.929366
B5: 1970-2000 | C5: 53.762747 | D5: 0.88389121 | E5: 0.22328286 | F5: 2.6610961 | G5: 26.855921 | H5: 1450.3671 | I5: 122.46061 | J5: 766.16843 | K5: 5.6310016 | L5: 2.8341529 | M5: 1.8005107 | N5: 15.020736 | O5: 1.9190858
B6: 2000-2018 | C6: 53.747728 | D6: 0.88389121 | E6: 0.22328286 | F6: 2.6610961 | G6: 39.052214 | H6: 1450.3671 | I6: 122.46061 | J6: 766.16843 | K6: 5.6310016 | L6: 2.8341529 | M6: 1.8005107 | N6: 16.061438 | O6: 2.0107569
A7: row house | B7: <1945 | C7: 51.236411 | D7: 0.3514936 | E7: 0.37854946 | F7: 1.469714 | G7: 64.768413 | H7: 1144.3173 | I7: 162.86606 | J7: 297.16811 | K7: 0.23043419 | L7: 2.7625527 | M7: 0.81826994 | N7: 13.219223 | O7: 1.3741256
B8: 1945-1970 | C8: 53.185351 | D8: 0.3514936 | E8: 0.47542225 | F8: 1.5202925 | G8: 40.861085 | H8: 1225.6518 | I8: 162.86606 | J8: 306.19718 | K8: 2.3138175 | L8: 2.7625527 | M8: 1.1453852 | N8: 13.477311 | O8: 1.9611909
B9: 1970-2000 | C9: 54.825079 | D9: 0.3514936 | E9: 0.37808582 | F9: 1.5202925 | G9: 20.304001 | H9: 1304.4812 | I9: 65.146426 | J9: 470.94709 | K9: 4.3972009 | L9: 2.7625527 | M9: 1.871411 | N9: 13.843262 | O9: 1.9569467
B10: 2000-2018 | C10: 54.810217 | D10: 0.3514936 | E10: 0.37808582 | F10: 1.5202925 | G10: 32.834915 | H10: 1304.4812 | I10: 65.146426 | J10: 470.94709 | K10: 4.3972009 | L10: 2.7625527 | M10: 1.871411 | N10: 14.505308 | O10: 2.0533811
A11: shop | B11: <1945 | C11: 46.466515 | D11: 0.20715254 | E11: 0.11701019 | F11: 0.46113915 | G11: 42.832492 | H11: 1097.8571 | I11: 171.36517 | J11: 275.99688 | K11: 11.018225 | L11: 18.818937 | M11: 1.4989691 | N11: 16.883191 | O11: 2.010927
B12: 1945-1970 | C12: 46.565792 | D12: 0.20715254 | E12: 0.1308417 | F12: 0.4949922 | G12: 24.410079 | H12: 1168.9714 | I12: 171.36517 | J12: 275.94633 | K12: 14.158282 | L12: 18.818937 | M12: 1.7718149 | N12: 17.205953 | O12: 3.1708806
B13: 1970-2000 | C13: 48.054901 | D13: 0.20751864 | E13: 1.4716251 | F13: 0.4949922 | G13: 9.4723306 | H13: 1208.6321 | I13: 68.546069 | J13: 363.12482 | K13: 17.29834 | L13: 4.8449722 | M13: 1.8114522 | N13: 12.358509 | O13: 3.132088
B14: 2000-2018 | C14: 48.035462 | D14: 0.20751864 | E14: 1.4716251 | F14: 0.4949922 | G14: 14.176483 | H14: 1208.6321 | I14: 68.546069 | J14: 363.12482 | K14: 17.29834 | L14: 4.8449722 | M14: 1.8114522 | N14: 7.8462588 | O14: 3.1135821
A15: apartment | B15: <1945 | C15: 63.247574 | D15: 0.28948118 | E15: 0.18861373 | F15: 0.67728006 | G15: 45.8056 | H15: 1191.0069 | I15: 117.82557 | J15: 235.38274 | K15: 0.8534112 | L15: 5.7025354 | M15: 1.0111191 | N15: 19.453145 | O15: 1.977803
B16: 1945-1970 | C16: 63.175131 | D16: 0.28948118 | E16: 0.19202466 | F16: 0.67728006 | G16: 27.450282 | H16: 1285.6774 | I16: 117.82557 | J16: 235.25179 | K16: 4.1245713 | L16: 5.7025354 | M16: 1.3262272 | N16: 19.946601 | O16: 4.5928272
B17: 1970-2000 | C17: 78.150042 | D17: 0.28948118 | E17: 6.9569849 | F17: 0.68244004 | G17: 9.8615795 | H17: 1591.1174 | I17: 22.366258 | J17: 177.65654 | K17: 7.3957314 | L17: 5.5382321 | M17: 2.0721547 | N17: 13.970435 | O17: 4.8034694
B18: 2000-2018 | C18: 78.130278 | D18: 0.28948118 | E18: 6.9569849 | F18: 0.68244004 | G18: 9.8615795 | H18: 1591.1174 | I18: 22.366258 | J18: 177.65654 | K18: 7.3957314 | L18: 5.5382321 | M18: 2.0721547 | N18: 7.9364855 | O18: 4.7254553
A19: office | B19: <1945 | C19: 73.961059 | D19: 0.33846705 | E19: 0.098316514 | F19: 0.77648306 | G19: 49.785507 | H19: 920.82528 | I19: 86.539152 | J19: 304.47309 | K19: 1.6636304 | L19: 5.2831197 | M19: 1.3213307 | N19: 19.886053 | O19: 2.1094657
B20: 1945-1970 | C20: 74.044237 | D20: 0.33846705 | E20: 0.085646642 | F20: 0.77648306 | G20: 25.358182 | H20: 978.47563 | I20: 86.539152 | J20: 304.47309 | K20: 5.2406312 | L20: 5.2831197 | M20: 1.6746748 | N20: 20.854092 | O20: 2.0117921
B21: 1970-2000 | C21: 88.383619 | D21: 0.33846705 | E21: 7.1459152 | F21: 0.78545131 | G21: 3.1591019 | H21: 1301.4637 | I21: 38.785746 | J21: 292.35783 | K21: 8.8176319 | L21: 5.2831197 | M21: 1.7773784 | N21: 15.58476 | O21: 2.2068094
B22: 2000-2018 | C22: 88.364031 | D22: 0.33846705 | E22: 7.1459152 | F22: 0.78545131 | G22: 3.1591019 | H22: 1301.4637 | I22: 38.785746 | J22: 292.35783 | K22: 8.8176319 | L22: 5.2831197 | M22: 1.7773784 | N22: 11.48879 | O22: 2.1294872
A23: industry | B23: <1945 | C23: 92.106594 | D23: 0.24424686 | E23: 0.12761051 | F23: 0.18228376 | G23: 77.515276 | H23: 816.66962 | I23: 10.018768 | J23: 39.883714 | K23: 0.079699212 | L23: 0.19992888 | M23: 1.8818544 | N23: 12.388943 | O23: 0.396484
B24: 1945-1970 | C24: 85.927497 | D24: 0.24424686 | E24: 0.14195464 | F24: 0.18228376 | G24: 39.115341 | H24: 816.23921 | I24: 10.018768 | J24: 39.883714 | K24: 0.51719926 | L24: 0.19992888 | M24: 2.1165082 | N24: 15.638021 | O24: 0.39082371
B25: 1970-2000 | C25: 80.173062 | D25: 0.24424686 | E25: 0.44696519 | F25: 0.18230195 | G25: 0.80942498 | H25: 819.2532 | I25: 4.0240254 | J25: 50.865835 | K25: 0.95469932 | L25: 0.19992888 | M25: 2.1069969 | N25: 20.188682 | O25: 0.31336917
B26: 2000-2018 | C26: 80.171315 | D26: 0.24424686 | E26: 0.44696519 | F26: 0.18230195 | G26: 0.80942498 | H26: 819.2532 | I26: 4.0240254 | J26: 50.865835 | K26: 0.95469932 | L26: 0.19992888 | M26: 2.1069969 | N26: 31.163158 | O26: 0.30647138
A27: services | B27: <1945 | C27: 76.371624 | D27: 0.32171695 | E27: 0.10965742 | F27: 0.75362734 | G27: 56.616517 | H27: 1244.4586 | I27: 141.54174 | J27: 228.63563 | K27: 0.81073296 | L27: 12.265441 | M27: 1.1337826 | N27: 17.710761 | O27: 2.0345577
B28: 1945-1970 | C28: 75.799279 | D28: 0.32171695 | E28: 0.10541698 | F28: 0.76688053 | G28: 31.253646 | H28: 1319.1803 | I28: 141.54174 | J28: 228.63563 | K28: 2.6288133 | L28: 12.265441 | M28: 1.3366943 | N28: 18.16283 | O28: 3.263709
B29: 1970-2000 | C29: 77.420392 | D29: 0.32275004 | E29: 6.1419789 | F29: 0.77157026 | G29: 6.0974537 | H29: 1378.8948 | I29: 56.616698 | J29: 326.912 | K29: 4.0896102 | L29: 5.8567494 | M29: 1.6661773 | N29: 13.72163 | O29: 3.1863842
B30: 2000-2018 | C30: 77.420896 | D30: 0.32275004 | E30: 6.1419789 | F30: 0.77157026 | G30: 7.4154302 | H30: 1378.8948 | I30: 56.616698 | J30: 326.912 | K30: 4.4154544 | L30: 5.8567494 | M30: 1.6713908 | N30: 8.9234627 | O30: 3.1264976

Sheet MI_2018-2050
A1: Conventional | B1: Aluminum | C1: Clay brick | D1: Concrete | E1: Bitumen | F1: Electronics | G1: Gypsum | H1: Glass | I1: Wood | J1: Insulation | K1: Sand-lime brick | L1: Ceramics | M1: Copper | N1: Plastics | O1: Adhesives & paint | P1: Mortal | Q1: Other biobased materials | R1: Other metals | S1: Paper | T1: Iron & steel | U1: Stone | V1: Sand
B2: kg/m2 UFA | C2: kg/m2 UFA | D2: kg/m2 UFA | E2: kg/m2 UFA | F2: kg/m2 UFA | G2: kg/m2 UFA | H2: kg/m2 UFA | I2: kg/m2 UFA | J2: kg/m2 UFA | K2: kg/m2 UFA | L2: kg/m2 UFA | M2: kg/m2 UFA | N2: kg/m2 UFA | O2: kg/m2 UFA | P2: kg/m2 UFA | Q2: kg/m2 UFA | R2: kg/m2 UFA | S2: kg/m2 UFA | T2: kg/m2 UFA | U2: kg/m2 UFA | V2: kg/m2 UFA
A3: Row house | B3: 1.1565217 | C3: 143.97295 | D3: 1365.4705 | E3: 0.51400966 | F3: 0.89855072 | G3: 20.342995 | H3: 7.5458937 | I3: 71.697585 | J3: 24.311111 | K3: 0 | L3: 6.5748792 | M3: 0.58454106 | N3: 2.8743961 | O3: 1.4251208 | P3: 51.301449 | Q3: 0.57584541 | R3: 0.11690821 | S3: 0.58454106 | T3: 26.750725 | U3: 0.096618357 | V3: 128.72947
A4: Detached house | B4: 1.7492537 | C4: 174.73433 | D4: 982.04478 | E4: 0.08358209 | F4: 0.62686567 | G4: 26.716418 | H4: 11.134328 | I4: 81.029851 | J4: 31.671642 | K4: 0 | L4: 5.358209 | M4: 0.47761194 | N4: 2.3731343 | O4: 1.5044776 | P4: 66.677612 | Q4: 0.51044776 | R4: 0.11940299 | S4: 1.3731343 | T4: 22.758209 | U4: 0.044776119 | V4: 99.507463
A5: Apartment | B5: 1.398913 | C5: 189.65217 | D5: 894.05109 | E5: 0.25217391 | F5: 1.2880435 | G5: 32.126087 | H5: 5.8913043 | I5: 41.842391 | J5: 6.773913 | K5: 0 | L5: 12.581522 | M5: 0.375 | N5: 2.548913 | O5: 1.1652174 | P5: 50.107609 | Q5: 0.10978261 | R5: 0.11956522 | S5: 0.27173913 | T5: 18.523913 | U5: 0.5326087 | V5: 30.11413
A6: Office | B6: 2.2051661 | C6: 20.758672 | D6: 884.30369 | E6: 0.27453875 | F6: 2.0767528 | G6: 9.1505535 | H6: 10.588561 | I6: 32.629151 | J6: 6.4638376 | K6: 0 | L6: 0.83579336 | M6: 0.088560886 | N6: 2.0512915 | O6: 0.62324723 | P6: 9.7760148 | Q6: 0.11845018 | R6: 0.091881919 | S6: 0.07195572 | T6: 25.561993 | U6: 0.055350554 | V6: 37.400369
A7: Industry | B7: 0.16122449 | C7: 3.377551 | D7: 663.9449 | E7: 0 | F7: 0.051020408 | G7: 0.66122449 | H7: 0.13265306 | I7: 28.320408 | J7: 53.346939 | K7: 13.044898 | L7: 0.15306122 | M7: 0.23469388 | N7: 1.1326531 | O7: 0.14285714 | P7: 1.4183673 | Q7: 0 | R7: 0.1122449 | S7: 0 | T7: 67.002041 | U7: 0.010204082 | V7: 19.622449
A8: Services | B8: 6.4113786 | C8: 55.317287 | D8: 1082.954 | E8: 0.32275711 | F8: 0.071115974 | G8: 31.415755 | H8: 4.6608315 | I8: 29.66302 | J8: 11.871991 | K8: 222.75711 | L8: 5.9956236 | M8: 0.31728665 | N8: 1.3205689 | O8: 2.7275711 | P8: 23.741794 | Q8: 0 | R8: 0.74507659 | S8: 0.087527352 | T8: 70.103939 | U8: 0.37199125 | V8: 12.871991
A9: Shop | B9: 1.1846154 | C9: 68.549451 | D9: 1006.7033 | E9: 0 | F9: 0.032967033 | G9: 21.320879 | H9: 17.296703 | I9: 37.008791 | J9: 9.5802198 | K9: 271.14725 | L9: 5.2527473 | M9: 0.20879121 | N9: 1.8021978 | O9: 2.5318681 | P9: 30.505495 | Q9: 1.2307692 | R9: 0.48791209 | S9: 0.42857143 | T9: 41.303297 | U9: 0.087912088 | V9: 13.505495
A11: Biobased | B11: Aluminum | C11: Clay brick | D11: Concrete | E11: Bitumen | F11: Electronics | G11: Gypsum | H11: Glass | I11: Wood | J11: Insulation | K11: Sand-lime brick | L11: Ceramics | M11: Copper | N11: Plastics | O11: Adhesives & paint | P11: Mortal | Q11: Other biobased materials | R11: Other metals | S11: Paper | T11: Iron & steel | U11: Stone | V11: Sand
B12: kg/m2 UFA | C12: kg/m2 UFA | D12: kg/m2 UFA | E12: kg/m2 UFA | F12: kg/m2 UFA | G12: kg/m2 UFA | H12: kg/m2 UFA | I12: kg/m2 UFA | J12: kg/m2 UFA | K12: kg/m2 UFA | L12: kg/m2 UFA | M12: kg/m2 UFA | N12: kg/m2 UFA | O12: kg/m2 UFA | P12: kg/m2 UFA | Q12: kg/m2 UFA | R12: kg/m2 UFA | S12: kg/m2 UFA | T12: kg/m2 UFA | U12: kg/m2 UFA | V12: kg/m2 UFA
A13: Row house | B13: 1.0318841 | C13: 35.993237 | D13: 474.01256 | E13: 0.12850242 | F13: 0.89855072 | G13: 40.748792 | H13: 7.5458937 | I13: 212.08019 | J13: 17.998068 | K13: 0 | L13: 6.5748792 | M13: 0.58454106 | N13: 2.8743961 | O13: 3.3381643 | P13: 14.394203 | Q13: 2.3033816 | R13: 0.10531401 | S13: 0.58454106 | T13: 17.437681 | U13: 0.096618357 | V13: 128.72947
A14: Detached house | B14: 1.5791045 | C14: 43.683582 | D14: 357.01493 | E14: 0.020895522 | F14: 0.62686567 | G14: 59.402985 | H14: 11.134328 | I14: 221.13433 | J14: 24.373134 | K14: 0 | L14: 5.358209 | M14: 0.47761194 | N14: 2.2835821 | O14: 3.241791 | P14: 17.979104 | Q14: 2.041791 | R14: 0.11940299 | S14: 1.3731343 | T14: 13.973134 | U14: 0.044776119 | V14: 99.507463
A15: Apartment | B15: 0.94891304 | C15: 47.413043 | D15: 252.48152 | E15: 0.063043478 | F15: 1.2880435 | G15: 35.879348 | H15: 5.8913043 | I15: 160.75 | J15: 3.976087 | K15: 0 | L15: 12.581522 | M15: 0.375 | N15: 2.6793478 | O15: 1.6771739 | P15: 15.832609 | Q15: 0.43913043 | R15: 0.10326087 | S15: 0.27173913 | T15: 9.073913 | U15: 0.5326087 | V15: 30.11413
A16: Office | B16: 1.4479705 | C16: 5.1896679 | D16: 283.63173 | E16: 0.068634686 | F16: 2.2129151 | G16: 11.893727 | H16: 10.588561 | I16: 126.58118 | J16: 4.0859779 | K16: 0 | L16: 0.83579336 | M16: 0.088560886 | N16: 2.0446494 | O16: 1.2476015 | P16: 2.6225092 | Q16: 0.47380074 | R16: 0.068634686 | S16: 0.07195572 | T16: 14.805166 | U16: 0.055350554 | V16: 37.400369
A17: Industry | B17: 0.1244898 | C17: 3.377551 | D17: 248.61633 | E17: 0 | F17: 0.051020408 | G17: 1.3285714 | H17: 0.13265306 | I17: 101.74082 | J17: 53.377551 | K17: 3.2612245 | L17: 0.15306122 | M17: 0.23469388 | N17: 1.1326531 | O17: 0.14285714 | P17: 1.4183673 | Q17: 0 | R17: 0.1122449 | S17: 0 | T17: 34.191837 | U17: 0.010204082 | V17: 19.622449
A18: Services | B18: 1.6356674 | C18: 55.317287 | D18: 531.64661 | E18: 0.32275711 | F18: 0.071115974 | G18: 70.028446 | H18: 4.6608315 | I18: 92.328228 | J18: 12.810722 | K18: 55.689278 | L18: 5.9956236 | M18: 0.31728665 | N18: 1.2450766 | O18: 2.0809628 | P18: 23.741794 | Q18: 0 | R18: 0.73194748 | S18: 0.087527352 | T18: 30.2407 | U18: 0.37199125 | V18: 12.871991
A19: Shop | B19: 0.32087912 | C19: 68.549451 | D19: 492.41758 | E19: 0 | F19: 0.032967033 | G19: 52.90989 | H19: 17.296703 | I19: 100.03516 | J19: 10.76044 | K19: 67.786813 | L19: 5.2527473 | M19: 0.20879121 | N19: 1.7692308 | O19: 2.1824176 | P19: 30.505495 | Q19: 1.2307692 | R19: 0.46813187 | S19: 0.42857143 | T19: 21.015385 | U19: 0.087912088 | V19: 13.505495
A21: Circular | B21: Aluminum | C21: Clay brick | D21: Concrete | E21: Bitumen | F21: Electronics | G21: Gypsum | H21: Glass | I21: Wood | J21: Insulation | K21: Sand-lime brick | L21: Ceramics | M21: Copper | N21: Plastics | O21: Adhesives & paint | P21: Mortal | Q21: Other biobased materials | R21: Other metals | S21: Paper | T21: Iron & steel | U21: Stone | V21: Sand
B22: kg/m2 UFA | C22: kg/m2 UFA | D22: kg/m2 UFA | E22: kg/m2 UFA | F22: kg/m2 UFA | G22: kg/m2 UFA | H22: kg/m2 UFA | I22: kg/m2 UFA | J22: kg/m2 UFA | K22: kg/m2 UFA | L22: kg/m2 UFA | M22: kg/m2 UFA | N22: kg/m2 UFA | O22: kg/m2 UFA | P22: kg/m2 UFA | Q22: kg/m2 UFA | R22: kg/m2 UFA | S22: kg/m2 UFA | T22: kg/m2 UFA | U22: kg/m2 UFA | V22: kg/m2 UFA
A23: Row house | B23: 0.99033816 | C23: 115.09662 | D23: 917.90338 | E23: 0.64251208 | F23: 0.89855072 | G23: 3.5845411 | H23: 7.5458937 | I23: 34.193237 | J23: 14.140097 | K23: 0 | L23: 6.5748792 | M23: 0.58454106 | N23: 3.2512077 | O23: 0.55072464 | P23: 2.0917874 | Q23: 0 | R23: 0.12077295 | S23: 0.58454106 | T23: 26.376812 | U23: 0.096618357 | V23: 128.72947
A24: Detached house | B24: 1.4925373 | C24: 159.08955 | D24: 762.50746 | E24: 0.10447761 | F24: 0.62686567 | G24: 2.9253731 | H24: 11.134328 | I24: 32.910448 | J24: 14.641791 | K24: 0 | L24: 5.358209 | M24: 0.47761194 | N24: 2.9253731 | O24: 0.50746269 | P24: 1.7462687 | Q24: 0 | R24: 0.11940299 | S24: 0.53731343 | T24: 26.089552 | U24: 0.044776119 | V24: 99.507463
A25: Apartment | B25: 1.1141304 | C25: 80.217391 | D25: 421.00543 | E25: 0.31521739 | F25: 1.2880435 | G25: 9.3967391 | H25: 5.8913043 | I25: 36.38587 | J25: 5.7663043 | K25: 0 | L25: 12.581522 | M25: 0.375 | N25: 2.798913 | O25: 0.95108696 | P25: 19.418478 | Q25: 0 | R25: 0.125 | S25: 0.57608696 | T25: 18.059783 | U25: 0.5326087 | V25: 30.11413
A26: Office | B26: 1.8819188 | C26: 25.948339 | D26: 458.92804 | E26: 0.34317343 | F26: 2.0313653 | G26: 0.055350554 | H26: 10.588561 | I26: 11.47417 | J26: 5.0369004 | K26: 0 | L26: 0.83579336 | M26: 0.088560886 | N26: 2.2416974 | O26: 0.33763838 | P26: 0.94095941 | Q26: 0 | R26: 0.099630996 | S26: 0.07195572 | T26: 21.896679 | U26: 0.055350554 | V26: 37.400369
A27: Industry | B27: 0.14285714 | C27: 3.377551 | D27: 747.65306 | E27: 0 | F27: 0.051020408 | G27: 0.39795918 | H27: 0.13265306 | I27: 5.7040816 | J27: 53.326531 | K27: 16.306122 | L27: 0.15306122 | M27: 0.23469388 | N27: 1.1326531 | O27: 0.14285714 | P27: 0.020408163 | Q27: 0 | R27: 0.1122449 | S27: 0 | T27: 75.540816 | U27: 0.010204082 | V27: 19.622449
A28: Services | B28: 0.38840263 | C28: 55.317287 | D28: 501.90372 | E28: 0.32275711 | F28: 0.071115974 | G28: 9.928884 | H28: 4.6608315 | I28: 101.46061 | J28: 10.880744 | K28: 238.79103 | L28: 5.9956236 | M28: 0.31728665 | N28: 1.3347921 | O28: 1.7997812 | P28: 0.96280088 | Q28: 0 | R28: 0.73851204 | S28: 0.087527352 | T28: 52.844639 | U28: 0.37199125 | V28: 12.871991
A29: Shop | B29: 0.51648352 | C29: 68.549451 | D29: 404.65934 | E29: 0 | F29: 0.032967033 | G29: 9.5604396 | H29: 17.296703 | I29: 69.241758 | J29: 9.2417582 | K29: 294.17582 | L29: 5.2527473 | M29: 0.20879121 | N29: 1.7912088 | O29: 2 | P29: 2.2747253 | Q29: 1.2307692 | R29: 0.49450549 | S29: 0.42857143 | T29: 19.351648 | U29: 0.087912088 | V29: 13.505495
A32: Baseline (without biobased construction) | B32: Aluminum | C32: Clay brick | D32: Concrete | E32: Bitumen | F32: Electronics | G32: Gypsum | H32: Glass | I32: Wood | J32: Insulation | K32: Sand-lime brick | L32: Ceramics | M32: Copper | N32: Plastics | O32: Adhesives & paint | P32: Mortal | Q32: Other biobased materials | R32: Other metals | S32: Paper | T32: Iron & steel | U32: Stone | V32: Sand
B33: kg/m2 UFA | C33: kg/m2 UFA | D33: kg/m2 UFA | E33: kg/m2 UFA | F33: kg/m2 UFA | G33: kg/m2 UFA | H33: kg/m2 UFA | I33: kg/m2 UFA | J33: kg/m2 UFA | K33: kg/m2 UFA | L33: kg/m2 UFA | M33: kg/m2 UFA | N33: kg/m2 UFA | O33: kg/m2 UFA | P33: kg/m2 UFA | Q33: kg/m2 UFA | R33: kg/m2 UFA | S33: kg/m2 UFA | T33: kg/m2 UFA | U33: kg/m2 UFA | V33: kg/m2 UFA
A34: Row house | B34: 1.1980676 | C34: 179.96618 | D34: 1662.6232 | E34: 0.64251208 | F34: 0.89855072 | G34: 13.541063 | H34: 7.5458937 | I34: 24.903382 | J34: 26.415459 | K34: 0 | L34: 6.5748792 | M34: 0.58454106 | N34: 2.8743961 | O34: 0.78743961 | P34: 63.603865 | Q34: 0 | R34: 0.12077295 | S34: 0.58454106 | T34: 29.855072 | U34: 0.096618357 | V34: 128.72947
A35: Detached house | B35: 1.8059701 | C35: 218.41791 | D35: 1190.3881 | E35: 0.10447761 | F35: 0.62686567 | G35: 15.820896 | H35: 11.134328 | I35: 34.328358 | J35: 34.104478 | K35: 0 | L35: 5.358209 | M35: 0.47761194 | N35: 2.4029851 | O35: 0.92537313 | P35: 82.910448 | Q35: 0 | R35: 0.11940299 | S35: 1.3731343 | T35: 25.686567 | U35: 0.044776119 | V35: 99.507463
A36: Apartment | B36: 1.548913 | C36: 237.06522 | D36: 1107.9076 | E36: 0.31521739 | F36: 1.2880435 | G36: 30.875 | H36: 5.8913043 | I36: 2.2065217 | J36: 7.7065217 | K36: 0 | L36: 12.581522 | M36: 0.375 | N36: 2.5054348 | O36: 0.99456522 | P36: 61.532609 | Q36: 0 | R36: 0.125 | S36: 0.27173913 | T36: 21.673913 | U36: 0.5326087 | V36: 30.11413
A37: Office | B37: 2.4575646 | C37: 25.948339 | D37: 1084.5277 | E37: 0.34317343 | F37: 2.0313653 | G37: 8.2361624 | H37: 10.588561 | I37: 1.3118081 | J37: 7.2564576 | K37: 0 | L37: 0.83579336 | M37: 0.088560886 | N37: 2.0535055 | O37: 0.41512915 | P37: 12.160517 | Q37: 0 | R37: 0.099630996 | S37: 0.07195572 | T37: 29.147601 | U37: 0.055350554 | V37: 37.400369
A38: Industry | B38: 0.17346939 | C38: 3.377551 | D38: 802.38776 | E38: 0 | F38: 0.051020408 | G38: 0.43877551 | H38: 0.13265306 | I38: 3.8469388 | J38: 53.336735 | K38: 16.306122 | L38: 0.15306122 | M38: 0.23469388 | N38: 1.1326531 | O38: 0.14285714 | P38: 1.4183673 | Q38: 0 | R38: 0.1122449 | S38: 0 | T38: 77.938776 | U38: 0.010204082 | V38: 19.622449
A39: Services | B39: 8.0032823 | C39: 55.317287 | D39: 1266.7232 | E39: 0.32275711 | F39: 0.071115974 | G39: 18.544858 | H39: 4.6608315 | I39: 8.7746171 | J39: 11.559081 | K39: 278.44639 | L39: 5.9956236 | M39: 0.31728665 | N39: 1.345733 | O39: 2.9431072 | P39: 23.741794 | Q39: 0 | R39: 0.74945295 | S39: 0.087527352 | T39: 83.391685 | U39: 0.37199125 | V39: 12.871991
A40: Shop | B40: 1.4725275 | C40: 68.549451 | D40: 1178.1319 | E40: 0 | F40: 0.032967033 | G40: 10.791209 | H40: 17.296703 | I40: 16 | J40: 9.1868132 | K40: 338.93407 | L40: 5.2527473 | M40: 0.20879121 | N40: 1.8131868 | O40: 2.6483516 | P40: 30.505495 | Q40: 1.2307692 | R40: 0.49450549 | S40: 0.42857143 | T40: 48.065934 | U40: 0.087912088 | V40: 13.505495

Sheet Share_of_insulation_materials
C1: Glass wool | D1: Expanded polystyrene | E1: Stone wool | F1: Polyurethanes | G1: Extruded polystyrene | H1: Biobased (wooden fibre board or flaxwool )
A2: Stock | C2: 0.37 | D2: 0.27 | E2: 0.22 | F2: 0.08 | G2: 0.06 | I2: Zhang (2021)*, chapter 5, Table A5.5., page 113
A3: Construction | B3: Conventional | C3: 0.37 | D3: 0.27 | E3: 0.22 | F3: 0.08 | G3: 0.06 | I3: Zhang (2021), chapter 5, Table A5.5., page 113 + own assumptions, see main text
B4: Circular | C4: 0.37 | E4: 0.3 | H4: 0.33
B5: Biobased | C5: 0.37 | E5: 0.22 | H5: =0.14+0.27 -> 0.41
A8: Zhang, C. (2021). Towards circular and energy-efficient management of building stock: an analysis of the residential sector of the Netherlands. PhD Thesis at Leiden University, The Netherlands. Chapter 5: Recycling potential in building energy renovation: a prospective study of the Dutch residential building stock up to 2050

Sheet GHG_Primary_production
B1: index | C1: amount | D1: unit | E1: reference product | F1: name | G1: location | H1: database | I1: IPCC 2013 | climate change | GWP 100a | J1: Share | K1: Assumptions
A2: Aluminum | B2: aluminium, primary, ingot | aluminium production, primary, ingot | RoW | kilogram | cutoff38 - Janneke | C2: 1 | D2: kilogram | E2: aluminium, primary, ingot | F2: aluminium production, primary, ingot | G2: RoW | H2: cutoff38 - Janneke | I2: 20.974113
A3: Clay brick | B3: clay brick | clay brick production | RER | kilogram | cutoff38 - Janneke | C3: 1 | D3: kilogram | E3: clay brick | F3: clay brick production | G3: RER | H3: cutoff38 - Janneke | I3: 0.24253743
A4: Concrete | B4: concrete, 30MPa | concrete production 30MPa | RoW | cubic meter | cutoff38 - Janneke | C4: 0.000431779 | D4: cubic meter | E4: concrete, 30MPa | F4: concrete production 30MPa | G4: RoW | H4: cutoff38 - Janneke | I4: 0.11748738 | K4: Concrete density: 2316 kg/m3
A5: Bitumen | B5: bitumen seal | bitumen seal production | RER | kilogram | cutoff38 - Janneke | C5: 1 | D5: kilogram | E5: bitumen seal | F5: bitumen seal production | G5: RER | H5: cutoff38 - Janneke | I5: 1.0763388
A6: Electronics | B6: copper, cathode | copper production, cathode, solvent extraction and electrowinning process | GLO | kilogram | cutoff38 - Janneke | C6: 1 | D6: kilogram | E6: copper, cathode | F6: copper production, cathode, solvent extraction and electrowinning process | G6: GLO | H6: cutoff38 - Janneke | I6: 6.7357284 | J6: 0.5
B7: polyvinylchloride, suspension polymerised | polyvinylchloride production, suspension polymerisation | RER | kilogram | cutoff38 - Janneke | C7: 1 | D7: kilogram | E7: polyvinylchloride, suspension polymerised | F7: polyvinylchloride production, suspension polymerisation | G7: RER | H7: cutoff38 - Janneke | I7: 1.897504 | J7: 0.5
A8: Gypsum | B8: gypsum fibreboard | gypsum fibreboard production | RoW | kilogram | cutoff38 - Janneke | C8: 1 | D8: kilogram | E8: gypsum fibreboard | F8: gypsum fibreboard production | G8: RoW | H8: cutoff38 - Janneke | I8: 0.27401066
A9: Glass | B9: flat glass, uncoated | flat glass production, uncoated | RER | kilogram | cutoff38 - Janneke | C9: 1 | D9: kilogram | E9: flat glass, uncoated | F9: flat glass production, uncoated | G9: RER | H9: cutoff38 - Janneke | I9: 0.96429253
A10: Wood & other biobased materials | B10: sawnwood, beam, softwood, dried (u=20%), planed | planing, beam, softwood, u=20% | Europe without Switzerland | cubic meter | cutoff38 - Janneke | C10: 0.0021929825 | D10: cubic meter | E10: sawnwood, beam, softwood, dried (u=20%), planed | F10: planing, beam, softwood, u=20% | G10: Europe without Switzerland | H10: cutoff38 - Janneke | I10: 0.12557561 | J10: =0.53/(0.53+0.29) -> 0.64634146 | K10: softwood share in beam | L10: 450 kg/m3, 0.53 share | M10: =1/450 -> 0.0022222222
B11: sawnwood, beam, hardwood, dried (u=20%), planed | planing, beam, hardwood, u=20% | Europe without Switzerland | cubic meter | cutoff38 - Janneke | C11: 0.0012804097 | D11: cubic meter | E11: sawnwood, beam, hardwood, dried (u=20%), planed | F11: planing, beam, hardwood, u=20% | G11: Europe without Switzerland | H11: cutoff38 - Janneke | I11: 0.065173906 | J11: =0.29/(0.53+0.29) -> 0.35365854 | K11: hardwood share in beam | L11: 650 kg/m3, 0.29 share | M11: =1/650 -> 0.0015384615
B12: sawnwood, board, hardwood, dried (u=20%), planed | planing, board, hardwood, u=20% | Europe without Switzerland | cubic meter | cutoff38 - Janneke | C12: 0.0012804097 | D12: cubic meter | E12: sawnwood, board, hardwood, dried (u=20%), planed | F12: planing, board, hardwood, u=20% | G12: Europe without Switzerland | H12: cutoff38 - Janneke | I12: 0.083101444 | L12: 650 kg/m3, 0.18 share
B13: cross-laminated timber | cross-laminated timber production | RER | cubic meter | cutoff38 - Janneke | C13: 1 | D13: cubic meter | E13: cross-laminated timber | F13: cross-laminated timber production | G13: RER | H13: cutoff38 - Janneke | I13: 0.29640801 | J13: 0.4663 | K13: Share in scenario Biobased only. Other are multiplied by 0.5337 | L13: 490 kg/m3 | M13: =1/490 -> 0.0020408163
A14: Insulation | B14: stone wool | stone wool production | RoW | kilogram | cutoff38 - Janneke | C14: 1 | D14: kilogram | E14: stone wool | F14: stone wool production | G14: RoW | H14: cutoff38 - Janneke | I14: 1.3052964 | J14: 0.22
B15: glass wool mat | glass wool mat production | RoW | kilogram | cutoff38 - Janneke | C15: 1 | D15: kilogram | E15: glass wool mat | F15: glass wool mat production | G15: RoW | H15: cutoff38 - Janneke | I15: 2.672248 | J15: 0.37
B16: polyurethane, flexible foam | polyurethane production, flexible foam, MDI-based | RER | kilogram | cutoff38 - Janneke | C16: 1 | D16: kilogram | E16: polyurethane, flexible foam | F16: polyurethane production, flexible foam, MDI-based | G16: RER | H16: cutoff38 - Janneke | I16: 4.6140345 | J16: 0.08 | K16: replaced with flax wool in biobased, replaced with stonewool in circular
B17: polystyrene, extruded | polystyrene production, extruded, CO2 blown | RoW | kilogram | cutoff38 - Janneke | C17: 1 | D17: kilogram | E17: polystyrene, extruded | F17: polystyrene production, extruded, CO2 blown | G17: RoW | H17: cutoff38 - Janneke | I17: 4.2734114 | J17: 0.06 | K17: replaced with wood fibre softboard in biobased and circular
B18: polystyrene, expandable | polystyrene production, expandable | RER | kilogram | cutoff38 - Janneke | C18: 1 | D18: kilogram | E18: polystyrene, expandable | F18: polystyrene production, expandable | G18: RER | H18: cutoff38 - Janneke | I18: 3.5415258 | J18: 0.27 | K18: replaced with wood fibre softboard in biobased and circular
B19: residual wood, dry | fibreboard production, soft, from wet & dry processes | Europe without Switzerland | cubic meter | cutoff38 - Janneke | C19: 1 | D19: kg | E19: residual wood, dry | F19: fibreboard production, soft, from wet & dry processes | G19: Europe without Switzerland | H19: cutoff38 - Janneke | I19: =26.9621632999221/300 -> 0.089873878 | K19: 300 kg/m3. equal impacts assumed for flax wool insulation | L19: =1/300 -> 0.0033333333
A20: stone, sand-lime stone | B20: sand-lime brick | sand-lime brick production | DE | kilogram | cutoff38 - Janneke | C20: 1 | D20: kilogram | E20: sand-lime brick | F20: sand-lime brick production | G20: DE | H20: cutoff38 - Janneke | I20: 0.14945709
A21: Ceramic tile | B21: ceramic tile | ceramic tile production | RoW | kilogram | cutoff38 - Janneke | C21: 1 | D21: kilogram | E21: ceramic tile | F21: ceramic tile production | G21: RoW | H21: cutoff38 - Janneke | I21: 0.72968192
A22: Copper | B22: copper, cathode | copper production, cathode, solvent extraction and electrowinning process | GLO | kilogram | cutoff38 - Janneke | C22: 1 | D22: kilogram | E22: copper, cathode | F22: copper production, cathode, solvent extraction and electrowinning process | G22: GLO | H22: cutoff38 - Janneke | I22: 6.7357284
A23: Paint & glue | B23: alkyd paint, white, without solvent, in 60% solution state | alkyd paint production, white, solvent-based, product in 60% solution state | RoW | kilogram | cutoff38 - Janneke | C23: 1 | D23: kilogram | E23: alkyd paint, white, without solvent, in 60% solution state | F23: alkyd paint production, white, solvent-based, product in 60% solution state | G23: RoW | H23: cutoff38 - Janneke | I23: 6.6237906
A24: Steel & iron, other metals | B24: steel, low-alloyed | steel production, converter, low-alloyed | RER | kilogram | cutoff38 - Janneke | C24: 1 | D24: kilogram | E24: steel, low-alloyed | F24: steel production, converter, low-alloyed | G24: RER | H24: cutoff38 - Janneke | I24: 2.1587681
A25: Paper | B25: paper, woodfree, coated | paper production, woodfree, coated, at integrated mill | RER | kilogram | cutoff38 - Janneke | C25: 1 | D25: kilogram | E25: paper, woodfree, coated | F25: paper production, woodfree, coated, at integrated mill | G25: RER | H25: cutoff38 - Janneke | I25: 1.0502989
A26: Sand | B26: sand | gravel and sand quarry operation | RoW | kilogram | cutoff38 - Janneke | C26: 1 | D26: kilogram | E26: sand | F26: gravel and sand quarry operation | G26: RoW | H26: cutoff38 - Janneke | I26: 0.0041984599
A27: Plastics | B27: polyvinylchloride, suspension polymerised | polyvinylchloride production, suspension polymerisation | RER | kilogram | cutoff38 - Janneke | C27: 1 | D27: kilogram | E27: polyvinylchloride, suspension polymerised | F27: polyvinylchloride production, suspension polymerisation | G27: RER | H27: cutoff38 - Janneke | I27: 1.897504
A29: References
A30: Wernet, G., Bauer, C., Steubing, B., Reinhard, J., Moreno-Ruiz, E., & Weidema, B. (2016). The ecoinvent database version 3 (part I): Overview and methodology. The International Journal of Life Cycle Assessment, 21(9), 1218–1230. https://doi.org/10.1007/s11367-016-1087-8

Sheet GHG_Secondary_production
B1: index | C1: amount | D1: unit | E1: reference product | F1: name | G1: location | H1: database | I1: IPCC 2013 | climate change | GWP 100a | J1: Share | K1: Assumptions | L1: LCA value recycled content
A2: Aluminum | B2: aluminium, wrought alloy | treatment of aluminium scrap, post-consumer, prepared for recycling, at remelter | RER | kilogram | cutoff38 - Janneke | C2: 1 | D2: kilogram | E2: aluminium, wrought alloy | F2: treatment of aluminium scrap, post-consumer, prepared for recycling, at remelter | G2: RER | H2: cutoff38 - Janneke | I2: 0.77382136 | J2: 0.61 | K2: involves building demolition, collection, sorting, melting and casting; output is aluminium, wrought alloy, assuming 39% is refined and 61% is remelted, based on Zhong et al. (2021) | L2: 1
B3: aluminium, cast alloy | treatment of aluminium scrap, post-consumer, prepared for recycling, at refiner | RER | kilogram | cutoff38 - Janneke | C3: 1 | D3: kilogram | E3: aluminium, cast alloy | F3: treatment of aluminium scrap, post-consumer, prepared for recycling, at refiner | G3: RER | H3: cutoff38 - Janneke | I3: 0.86749393 | J3: 0.39 | L3: 1
A4: Clay brick, sand-lime stone, ceramic tile, stone | B4: clay brick | clay brick production, recycling JvO | RER | kilogram | cutoff38 - Janneke | C4: 1 | D4: kilogram | E4: clay brick | F4: clay brick production, recycling JvO | G4: RER | H4: cutoff38 - Janneke | I4: 0.22468702 | K4: Recycled content is max 25% (KNB, n.d.), included in calculation in separate step | L4: 1
B5: waste brick | treatment of waste brick, sorting plant | Europe without Switzerland | kilogram | cutoff38 - Janneke | C5: 1 | D5: kilogram | E5: waste brick | F5: treatment of waste brick, sorting plant | G5: Europe without Switzerland | H5: cutoff38 - Janneke | I5: 0.0082310004 | K5: "Energy for dismantling, particulate matter emissions from dismantling and handling, machines for handling in sorting plant, electricity demand for sorting plant, transport to dismantling facilities, final disposal of waste material." (Wernet et al., 2016) | L5: 1
A6: Concrete | B6: concrete, 30MPa | concrete production 30MPa, secondary coarse aggregate (37% RC) | RoW | cubic meter | cutoff38 - Janneke | C6: 0.000431779 | D6: cubic meter | E6: concrete, 30MPa | F6: concrete production 30MPa, secondary coarse aggregate (37% RC) | G6: RoW | H6: cutoff38 - Janneke | I6: 0.12620658 | K6: Density is 2316 kg/m3, 37% is gravel, which is replaced by secondary coarse aggregate, based on the Wet processing process as described by Zhang et al. (2021). | L6: 0.37
A7: Bitumen | B7: bitumen seal | bitumen seal production, recycling JvO | RER | kilogram | cutoff38 - Janneke | C7: 1 | D7: kilogram | E7: bitumen seal | F7: bitumen seal production, recycling JvO | G7: RER | H7: cutoff38 - Janneke | I7: 0.12161696 | K7: input materials are removed, including paper, quicklime, fleece, pitch, silica sand, polystyrene, etc. | L7: 1
B8: waste concrete, not reinforced | treatment of waste concrete, not reinforced, sorting plant | Europe without Switzerland | kilogram | cutoff38 - Janneke | C8: 1 | D8: kilogram | E8: waste concrete, not reinforced | F8: treatment of waste concrete, not reinforced, sorting plant | G8: Europe without Switzerland | H8: cutoff38 - Janneke | I8: 0.008849179 | K8: demolition like concrete | L8: 1
A9: Electronics | B9: copper, cathode | treatment of metal part of electronics scrap, in copper, anode, by electrolytic refining | RoW | kilogram | cutoff38 - Janneke | C9: 1 | D9: kilogram | E9: copper, cathode | F9: treatment of metal part of electronics scrap, in copper, anode, by electrolytic refining | G9: RoW | H9: cutoff38 - Janneke | I9: 0.30538773 | J9: 0.5 | L9: 1
B10: polyvinylchloride, suspension polymerised | polyvinylchloride production, suspension polymerisation, recycling JvO | RER | kilogram | cutoff38 - Janneke | C10: 1 | D10: kilogram | E10: polyvinylchloride, suspension polymerised | F10: polyvinylchloride production, suspension polymerisation, recycling JvO | G10: RER | H10: cutoff38 - Janneke | I10: 1.1430134 | J10: 0.5 | K10: input of vinyl chlorde (0.999 kg) is removed, and replaced with plastic granulate production | L10: 1
A11: Gypsum | B11: waste gypsum plasterboard | treatment of waste gypsum plasterboard, sorting plant | CH | kilogram | cutoff38 - Janneke | C11: 1 | D11: kilogram | E11: waste gypsum plasterboard | F11: treatment of waste gypsum plasterboard, sorting plant | G11: CH | H11: cutoff38 - Janneke | I11: 0.011457397 | L11: 1
B12: gypsum fibreboard | gypsum fibreboard production, recycling JvO | RoW | kilogram | cutoff38 - Janneke | C12: 1 | D12: kilogram | E12: gypsum fibreboard | F12: gypsum fibreboard production, recycling JvO | G12: RoW | H12: cutoff38 - Janneke | I12: 0.18813415 | K12: input of stucco, water, waste paper, silicone, alkylbenzene sulfonate and patato starch is removed (total input was 1.18, 0.18 of water remains for production) | L12: 1
A13: Glass | B13: flat glass, uncoated | flat glass production, uncoated, recycling JvO | RER | kilogram | cutoff38 - Janneke | C13: 1 | D13: kilogram | E13: flat glass, uncoated | F13: flat glass production, uncoated, recycling JvO | G13: RER | H13: cutoff38 - Janneke | I13: 0.81945735 | J13: 0.07 | K13: input of silica sand, lime and stone ash (1.19 kg) is removed. Only 7% is recycled into new glass. Vlakglasrecycling Nederland (2020) | L13: 1
B14: waste glass sheet | treatment of waste glass sheet, sorting plant | Europe without Switzerland | kilogram | cutoff38 - Janneke | C14: 1 | D14: kilogram | E14: waste glass sheet | F14: treatment of waste glass sheet, sorting plant | G14: Europe without Switzerland | H14: cutoff38 - Janneke | I14: 0.0047833109 | J14: 0.07 | L14: 1
B15: glass wool mat, uncoated, Saint-Gobain ISOVER SA | glass wool mat production, with phenolic binder, uncoated, Saint-Gobain ISOVER SA | CH | kilogram | cutoff38 - Janneke | C15: 1 | D15: kilogram | E15: glass wool mat, uncoated, Saint-Gobain ISOVER SA | F15: glass wool mat production, with phenolic binder, uncoated, Saint-Gobain ISOVER SA | G15: CH | H15: cutoff38 - Janneke | I15: 0.60506759 | J15: 0.41 | K15: 41% of glass to glass wool: 77% recycled content | L15: 0.77
A16: Wood | B16: sawnwood, board, softwood, dried (u=20%), planed | planing, board, softwood, u=20%, JvO | Europe without Switzerland | cubic meter | cutoff38 - Janneke | C16: 0.003333 | D16: cubic meter | E16: sawnwood, board, softwood, dried (u=20%), planed | F16: planing, board, softwood, u=20%, JvO | G16: Europe without Switzerland | H16: cutoff38 - Janneke | I16: 0.0392282 | J16: 0.25 | K16: assuming that, similar like input, 82% of outflow is beam, of which 25% can be recycled into wooden boards. Input of wood is removed in original process | L16: 1
B17: particleboard, uncoated | particleboard production, uncoated, from secondary wood, JvO | RoW | cubic meter | cutoff38 - Janneke | C17: 0.00413 | D17: cubic meter | E17: particleboard, uncoated | F17: particleboard production, uncoated, from secondary wood, JvO | G17: RoW | H17: cutoff38 - Janneke | I17: 1.4261091 | J17: 0.08 | K17: assumining 18% of outflow is board, of which 80% can be recycled into particle board. In original process, inflow of wood is removed. | L17: 1
B18: waste gypsum plasterboard | treatment of waste gypsum plasterboard, sorting plant | CH | kilogram | cutoff38 - Janneke | C18: 1 | D18: kilogram | E18: waste gypsum plasterboard | F18: treatment of waste gypsum plasterboard, sorting plant | G18: CH | H18: cutoff38 - Janneke | I18: 0.011457397 | K18: Assuming building demolition, transportation & sorting like gypsum plasterboard | L18: 1
A19: Insulation | B19: Stonewool, 50% RC, JvO | Stone wool, 50% RC, JvO | GLO | kilogram | cutoff38 - Janneke | C19: 1 | D19: kilogram | E19: Stonewool, 50% RC, JvO | F19: Stone wool, 50% RC, JvO | G19: GLO | H19: cutoff38 - Janneke | I19: 0.67278638 | L19: 0.5
B20: Wood fibreboard, 80% RC, JvO | Wood fibreboard production, 80% RC, JvO | GLO | kilogram | cutoff38 - Janneke | C20: 1 | D20: kilogram | E20: Wood fibreboard, 80% RC, JvO | F20: Wood fibreboard production, 80% RC, JvO | G20: GLO | H20: cutoff38 - Janneke | I20: 0.039036843 | L20: 0.8
B21: Expanded Polystyrene, 12% RC, JvO | Expanded Polystyrene, 12% RC, JvO | GLO | kilogram | cutoff38 - Janneke | C21: 1 | D21: kilogram | E21: Expanded Polystyrene, 12% RC, JvO | F21: Expanded Polystyrene, 12% RC, JvO | G21: GLO | H21: cutoff38 - Janneke | I21: 3.2437948 | L21: 0.12
B22: Glass wool, 80% RC, JvO | Glass wool production, 80% RC, JvO | GLO | kilogram | cutoff38 - Janneke | C22: 1 | D22: kilogram | E22: Glass wool, 80% RC, JvO | F22: Glass wool production, 80% RC, JvO | G22: GLO | H22: cutoff38 - Janneke | I22: 0.57929596 | L22: 0.8
A23: Copper | B23: copper, cathode | treatment of metal part of electronics scrap, in copper, anode, by electrolytic refining | RoW | kilogram | cutoff38 - Janneke | C23: 1 | D23: kilogram | E23: copper, cathode | F23: treatment of metal part of electronics scrap, in copper, anode, by electrolytic refining | G23: RoW | H23: cutoff38 - Janneke | I23: 0.30538773 | L23: 1
A24: Steel & iron, Other metals | B24: steel, low-alloyed | steel production, electric, low-alloyed | Europe without Switzerland and Austria | kilogram | cutoff38 - Janneke | C24: 1 | D24: kilogram | E24: steel, low-alloyed | F24: steel production, electric, low-alloyed | G24: Europe without Switzerland and Austria | H24: cutoff38 - Janneke | I24: 0.5493453 | L24: 1
A25: Paper | B25: paper, woodfree, coated | paper production, woodfree, coated, at integrated mill, recycling JvO | RER | kilogram | cutoff38 - Janneke | C25: 1 | D25: kilogram | E25: paper, woodfree, coated | F25: paper production, woodfree, coated, at integrated mill, recycling JvO | G25: RER | H25: cutoff38 - Janneke | I25: 0.63209567 | K25: inputs are removed, including sulphate pulp, lime, kaolin, organic and inorganic chemicals, etc. | L25: 1
B26: waste gypsum plasterboard | treatment of waste gypsum plasterboard, sorting plant | CH | kilogram | cutoff38 - Janneke | C26: 1 | D26: kilogram | E26: waste gypsum plasterboard | F26: treatment of waste gypsum plasterboard, sorting plant | G26: CH | H26: cutoff38 - Janneke | I26: 0.011457397 | K26: Demolition and sorting like plasterboard | L26: 1
A27: Sand | B27: waste concrete gravel | treatment of waste concrete gravel, sorting plant | CH | kilogram | cutoff38 - Janneke | C27: 1 | D27: kilogram | E27: waste concrete gravel | F27: treatment of waste concrete gravel, sorting plant | G27: CH | H27: cutoff38 - Janneke | I27: 0.0059008884 | K27: Only sorting is required | L27: 1
A28: Plastic | B28: polyvinylchloride, suspension polymerised | polyvinylchloride production, suspension polymerisation, recycling JvO | RER | kilogram | cutoff38 - Janneke | C28: 1 | D28: kilogram | E28: polyvinylchloride, suspension polymerised | F28: polyvinylchloride production, suspension polymerisation, recycling JvO | G28: RER | H28: cutoff38 - Janneke | I28: 1.1430134 | L28: 1
A31: References
A32: KNB (n.d.). Hergebruik en Recycling. https://www.knb-keramiek.nl/themas/duurzaamheid/hergebruik-en-recycling/
A33: Vlakglas Recycling Nederland (2020). Jaarverslag 2020. https://www.vlakglasrecycling.nl/uploads/jaarverslagen/Jaarverslag%202020.pdf
A34: Wernet, G., Bauer, C., Steubing, B., Reinhard, J., Moreno-Ruiz, E., & Weidema, B. (2016). The ecoinvent database version 3 (part I): Overview and methodology. The International Journal of Life Cycle Assessment, 21(9), 1218–1230. https://doi.org/10.1007/s11367-016-1087-8
A35: Zhang, C. (2021). Chapter 2: Eco-efficiency assessment of technological innovations in high-grade concrete recycling.
A36: Zhong, X., Hu, M., Deetman, S., Steubing, B., Lin, H. X., Hernandez, G. A., Harpprecht, C., Zhang, C., Tukker, A., & Behrens, P. (2021). Global greenhouse gas emissions from residential and commercial building materials and mitigation strategies to 2060. Nature Communications, 12(1), 6126. https://doi.org/10.1038/s41467-021-26212-z

Sheet LCI_comparison
A1: WLO High + Urban | C1: Demand | D1: Concrete | E1: Clay brick | F1: Other construction materials | G1: Steel & iron | H1: Stone wool | I1: Glass wool | J1: EPS | K1: XPS | L1: PUR | M1: Wood fibre insulation | N1: Ceramics | O1: Glass | P1: Glass glasswool | Q1: Wood beam | R1: Wood board | S1: Other | T1: Plastics | U1: Aluminum | V1: Copper | W1: Other metals | X1: Other biobased materials
C2: Primary production | D2: =GHG_Primary_production!I4 -> 0.11748738 | E2: =GHG_Primary_production!I3 -> 0.24253743 | F2: =((GHG_Primary_production!I5+GHG_Primary_production!I8+GHG_Primary_production!I20+GHG_Primary_production!I26)/4) -> 0.37600124 | G2: =GHG_Primary_production!I24 -> 2.1587681 | H2: =GHG_Primary_production!I14 -> 1.3052964 | I2: =GHG_Primary_production!I15 -> 2.672248 | J2: =GHG_Primary_production!I18 -> 3.5415258 | K2: =GHG_Primary_production!I17 -> 4.2734114 | L2: =GHG_Primary_production!I16 -> 4.6140345 | M2: =GHG_Primary_production!I19 -> 0.089873878 | N2: =GHG_Primary_production!I21 -> 0.72968192 | O2: =GHG_Primary_production!I9 -> 0.96429253 | P2: 0 | Q2: =(GHG_Primary_production!I10*GHG_Primary_production!J10+GHG_Primary_production!I11*GHG_Primary_production!J11) -> 0.10421403 | R2: =GHG_Primary_production!I12 -> 0.083101444 | S2: =((GHG_Primary_production!I6*0.5+GHG_Primary_production!I7*0.5+GHG_Primary_production!I23+GHG_Primary_production!I25)/3) -> 3.9969019 | T2: =GHG_Primary_production!I27 -> 1.897504 | U2: =GHG_Primary_production!I2 -> 20.974113 | V2: =GHG_Primary_production!I22 -> 6.7357284 | W2: =GHG_Primary_production!I24 -> 2.1587681 | X2: =GHG_Primary_production!I12 -> 0.083101444
C3: Secondary production | D3: =GHG_Secondary_production!I6 -> 0.12620658 | E3: =(GHG_Secondary_production!I4+GHG_Secondary_production!I5) -> 0.23291802 | F3: =(((GHG_Secondary_production!I7+GHG_Secondary_production!I8)+(GHG_Secondary_production!I11+GHG_Secondary_production!I12)+(GHG_Secondary_production!I4+GHG_Secondary_production!I5))/3) -> 0.18765857 | G3: =GHG_Secondary_production!I24 -> 0.5493453 | H3: =GHG_Secondary_production!I19 -> 0.67278638 | I3: =GHG_Secondary_production!I22 -> 0.57929596 | J3: =GHG_Secondary_production!I21 -> 3.2437948 | M3: =GHG_Secondary_production!I20 -> 0.039036843 | N3: =(GHG_Secondary_production!I4+GHG_Secondary_production!I5) -> 0.23291802 | O3: =(GHG_Secondary_production!I13+GHG_Secondary_production!I14) -> 0.82424066 | P3: =GHG_Secondary_production!I15 -> 0.60506759 | Q3: =(GHG_Secondary_production!I16+GHG_Secondary_production!I18) -> 0.050685597 | R3: =(GHG_Secondary_production!I17+GHG_Secondary_production!I18) -> 1.4375665 | S3: =((GHG_Secondary_production!I26+GHG_Secondary_production!I25+(GHG_Secondary_production!I23+GHG_Secondary_production!I28)/2)/2) -> 0.68387681 | T3: =GHG_Secondary_production!I28 -> 1.1430134 | U3: =(GHG_Secondary_production!I2+GHG_Secondary_production!I3) -> 1.6413153 | V3: =GHG_Secondary_production!I23 -> 0.30538773 | W3: =GHG_Secondary_production!I24 -> 0.5493453 | X3: =Q3*0.5+R3*0.5 -> 0.74412603
A6: Corrected for MRC
A7: Secondary production | B7: MRC not included in value | D7: x | E7: 0.25 | F7: 0.37 | G7: 1 | H7: x | I7: x | J7: x | M7: x | N7: 0.25 | O7: 0.933 | P7: x | Q7: 1 | R7: 1 | T7: 0.5 | U7: 1 | V7: 1 | W7: 1 | X7: 1
B8: MRC included in value | D8: 0.37 | H8: 0.5 | I8: 0.8 | J8: 0.12 | M8: 0.8 | P8: 0.77
C9: Primary production | D9: =D2 -> 0.11748738 | E9: =E2 -> 0.24253743 | F9: =F2 -> 0.37600124 | G9: =G2 -> 2.1587681 | H9: =H2 -> 1.3052964 | I9: =I2 -> 2.672248 | J9: =J2 -> 3.5415258 | K9: =K2 -> 4.2734114 | ... X9: =X2 -> 0.083101444
C10: Secondary production | D10: =D3 -> 0.12620658 | E10: =E3*0.25+E2*0.75 -> 0.24013258 | F10: =F3*0.37+F2*0.63 -> 0.30631445 | G10: =G3 -> 0.5493453 | H10: =H3 -> 0.67278638 | I10: =I3 -> 0.57929596 | J10: =J3 -> 3.2437948 | K10: =K3 -> 0 | L10: =L3 -> 0 | M10: =M3 -> 0.039036843 | N10: =N3*0.25+N2*0.75 -> 0.60549094 | O10: =0.993*O3+(1-0.993)*O2 -> 0.82522103 | P10: =P3 -> 0.60506759 | Q10: =Q3 -> 0.050685597 | R10: =R3 -> 1.4375665 | S10: =S3 -> 0.68387681 | T10: =T2*0.5*T3*0.5 -> 0.54221812 | U10: =U3 -> 1.6413153 | V10: =V3 -> 0.30538773 | W10: =W3 -> 0.5493453 | X10: =X3 -> 0.74412603

Sheet RR_MRC
A1: Material | B1: EOL recycling rate (actual) | C1: EOL recycling rate (best practice) | D1: EOL recycling rate (100%) | E1: Maximum recycled content | F1: Sources | G1: Assumptions | O1: Wiprachtiger et al., 2020: EOL Recycling rate for various insulation materials, 2015, Switserland
A2: Concrete | B2: 0.285 | C2: =0.53*0.85 -> 0.4505 | D2: 1 | E2: 0.37 | F2: Betonakkoord (2018), Zhang (2021, chapter 2), Verhagen et al. (2021) | G2: In wet processing, 53% can be recycled as coarse aggregate. All gravel in primary concrete production is replaced with secondary coarse aggregate (37%) | O2: Use to deconstruction: | P2: Collection as single material | Q2: single material to recycling | R2: RR | S2: RR - total
A3: Brick | B3: 0.01 | C3: 0.95 | D3: 1 | E3: 0.25 | F3: KNB (n.d.), KNB (2022), Verhagen et al. (2021), BDA (2014) | N3: EPS | O3: 11642 | P3: 530 | Q3: 53 | R3: =Q3/O3 -> 0.0045524824 | S3: =SUM(Q3:Q8)/SUM(O3:O8) -> 0.014528632
A4: Other construction materials | B4: 0.285 | C4: =0.53*0.85 -> 0.4505 | D4: 1 | E4: 0.37 | F4: See Concrete | N4: Stone wool | O4: 42941 | P4: 15029 | Q4: 751 | R4: =Q4/O4 -> 0.017489113
A5: Steel & iron | B5: 0.9 | C5: 0.95 | D5: 1 | E5: 1 | F5: EuRIC (2018a), Bouwen met Staal (n.d.), Verhagen et al. (2021), Bowyer et al. (2015) | N5: XPS | O5: 7800 | P5: 355 | Q5: 0 | R5: =Q5/O5 -> 0
A6: PUR | B6: 0 | C6: 0 | D6: 1 | E6: 0 | F6: Wiprachtiger et al. (2020) | N6: PUR | O6: 3185 | P6: 145 | Q6: 0 | R6: =Q6/O6 -> 0
A7: XPS | B7: 0 | C7: 0 | D7: 1 | E7: 0 | F7: Wiprachtiger et al. (2020) | N7: Glass wool | O7: 20071 | P7: 7025 | Q7: 476 | R7: =Q7/O7 -> 0.023715809
A8: EPS | B8: 0.005 | C8: =0.75*0.9 -> 0.675 | D8: 1 | E8: 0.12 | F8: Wiprachtiger et al. (2020), EPS Industry Alliance (2016) | N8: wood fiber | O8: 3633 | P8: 165 | Q8: 17 | R8: =Q8/O8 -> 0.0046793284
A9: Glass wool | B9: 0.024 | C9: =0.75*0.9 -> 0.675 | D9: 1 | E9: 0.8 | F9: Wiprachtiger et al. (2020), Isover (2018)
A10: Rock wool | B10: 0.017 | C10: =0.75*0.9 -> 0.675 | D10: 1 | E10: 0.5 | F10: Wiprachtiger et al. (2020), Bouwfisica (2018) & Rockwool (n.d.)
A11: Wood insulation | B11: 0.005 | C11: =0.75*0.9 -> 0.675 | D11: 1 | E11: 0.8 | F11: Wiprachtiger et al. (2020) | G11: Maximum recycled content as glass wool
A12: Ceramics | B12: 0.01 | C12: 0.95 | D12: 1 | E12: 0.25 | F12: See Brick
A13: Glass to glass | B13: =0.073*0.95 -> 0.06935 | C13: 0.95 | D13: 1 | E13: 0.933 | F13: Vlakglas Recycling Nederland (2020) & Verhagen et al. (2021)
A14: Glass to glass wool | B14: =0.43*0.95 -> 0.4085 | C14: 0.95 | D14: 0 | E14: 0.77 | F14: Vlakglas Recycling Nederland (2020), ISOVER St. Gobain (2018) & Verhagen et al. (2021)
A15: Wooden beam to board* | B15: =0.25*0.95 -> 0.2375 | C15: 0.95 | D15: 1 | E15: 1 | F15: Mehr et al. (2018) & Verhagen et al. (2021) | G15: Beam is sawn into smaller pieces: boards
A16: Wooden board to particle board* | B16: =0.8*0.95 -> 0.76 | C16: 0.95 | D16: 1 | E16: 1 | F16: Mehr et al. (2018) & Verhagen et al. (2021) | G16: particle board consists of secondary wood and chemicals
A17: Other | B17: p.m. | C17: p.m. | D17: p.m. | E17: p.m. | F17: Metabolic (2021) | G17: Maximum recycled content based upon plastics and copper (electronics)
A18: Plastics | B18: 0.25 | C18: 0.9 | D18: 1 | E18: 0.5 | F18: EuRIC (2018b) & ASBP (2021), Verhagen et al. (2021) | G18: Theoretical EOL RR based upon mean of Verhagen et al. (2020)
A19: Aluminum | B19: 0.9 | C19: 0.95 | D19: 1 | E19: 1 | F19: EuRIC (2018a)
A20: Copper | B20: 0.8 | C20: 0.95 | D20: 1 | E20: 1 | F20: EuRIC (2018a)
A21: Other metals | B21: 0.9 | C21: 0.95 | D21: 1 | E21: 1 | F21: See steel & iron
A22: Other biobased materials | B22: =(B15+B16)/2 -> 0.49875 | C22: 0.95 | D22: 1 | E22: 1 | F22: See wood
A25: * 82% is beam, 18% is board, 25% of beam can be recycled into boards, 80% of board can be recycled into particleboard (Mehr et al., 2018)
A26: * beam, board ratio is based on : Heeren et al. (2015)
A29: References:
A30: ASBP (2021). Recycled plastics in construction – Is it a good thing? https://asbp.org.uk/asbp-news/think-piece-recycled-plastics
A31: BDA (2014). BDA comment on the use of Reclaimed Clay Bricks. https://www.brick.org.uk/admin/resources/g-reclaimed-brickwork.pdf
A32: Betonakkoord (2018). Betonakkoord voor duurzame groei. https://www.betonakkoord.nl/
A33: Bouwfysica (2018). De circulariteitsprestatie van isolatiematerialen. https://nvbv.org/l/library/download/urn:uuid:01978c2a-35de-4e92-85c4-6d21d0a69c0e/de+circulariteitsprestatie+van+isolatiematerialen.pdf?format=save_to_disk&ext=.pdf
A34: Bowyer, J., Bratkovich, S., Fernholz, K., Frank, M., Groot, H., Howe, J., & Pepke, E. (2015). Understanding steel recovery and recycling rates and limitations to recycling. Dovetail Partners Inc.: Minneapolis, MN, USA, 1-12.
A35: EPS Industry Alliance (2016). Recycled Content in Expanded Polystyrene Foam Protective Packaging. http://www.epsindustry.org/sites/default/files/Recycled%20Content%20In%20Expanded%20Polystyrene%20Foam%20Protective%20Packaging.pdf
A36: EuRIC (2018a). Metal Recycling Factsheet. https://www.euric-aisbl.eu/position-papers/download/591/335/32
A37: EuRIC (2018b). Plastic Recycling Factsheet. https://circulareconomy.europa.eu/platform/sites/default/files/euric_-_plastic_recycling_fact_sheet.pdf
A38: Isover (2018). ISOVER Recycling. https://www.isover.fr/presse/isover-recycling
... A50: Bouwen met Staal (n.d.). Recycling en hergebruik. https://www.bouwenmetstaal.nl/themas/duurzaam/recycling-en-hergebruik/

Sheet UFA
A1: Flows | D1: Apartment | E1: Row house | F1: Detached house | G1: Shop | H1: Office | I1: Services | J1: Industry
A2: WLO High | B2: Urban | C2: Construction | D2: 1.5995548e+08 | E2: 1.1072716e+08 | F2: 19477044 | G2: 6756273.7 | H2: 14754086 | I2: 13463502 | J2: 5095675.1
C3: Demolition | D3: 15672275 | E3: 29264611 | F3: 17775879 | G3: 771934.89 | H3: 2512881.8 | I3: 706943.28 | J3: 942333.28
B4: Connected | C4: Construction | D4: 1.1477708e+08 | E4: 1.228266e+08 | F4: 31344168 | G4: 6668874.2 | H4: 15167691 | I4: 13011527 | J4: 5595324.4
C5: Demolition | D5: 13880359 | E5: 8659811 | F5: 4733683 | G5: 683848.73 | H5: 3000382.7 | I5: 536132.84 | J5: 1432215.4
B6: Rural | C6: Construction | D6: 50484063 | E6: 1.462645e+08 | F6: 63151266 | G6: 6108306.6 | H6: 12719468 | I6: 12917074 | J6: 4384581.9
C7: Demolition | D7: 19085.109 | E7: 7880.1601 | F7: 169830.2 | G7: 15954.791 | H7: 104908.01 | I7: 9800.0044 | J7: 124044.19
A8: WLO Low | B8: Urban | C8: Construction | D8: 76575492 | E8: 43570496 | F8: 6244408.5 | G8: 2085794.9 | H8: 1970219 | I8: 8200406.1 | J8: 406264.67
C9: Demolition | D9: 6578330.1 | E9: 14376322 | F9: 6961511.8 | G9: 247610.57 | H9: 508650.56 | I9: 291489.09 | J9: 208133.68
B10: Connected | C10: Construction | D10: 64959131 | E10: 44962375 | F10: 9753978.3 | G10: 2139933.9 | H10: 1888168.3 | I10: 8093483.8 | J10: 476990.96
C11: Demolition | D11: 8318804.3 | E11: 6147009.8 | F11: 2214280.5 | G11: 260150.68 | H11: 494130.55 | I11: 273941.47 | J11: 252590.79
B12: Rural | C12: Construction | D12: 26579196 | E12: 61836344 | F12: 23672040 | G12: 1868725.9 | H12: 1665551.7 | I12: 8063115.3 | J12: 355080.81
C13: Demolition | D13: 8116.6557 | E13: 3758.2302 | F13: 57627.777 | G13: 7630.8359 | H13: 23247.412 | I13: 2106.836 | J13: 7789.7677
A15: Stocks | D15: Apartment | E15: Row house | F15: Detached house | G15: Retail | H15: Office | I15: Services | J15: Industry | K15: Totaal
C16: 2018 | D16: 2.9525542e+08 | E16: 4.0194369e+08 | F16: 3.2081059e+08 | G16: 40232902 | H16: 1.0698524e+08 | I16: 42556128 | J16: 1.9448744e+08 | K16: 1.4022714e+09
A17: WLO High | B17: Urban | C17: 2050 | D17: 4.3953863e+08 | E17: 4.8340624e+08 | F17: 3.2251175e+08 | G17: 46217241 | H17: 1.1922644e+08 | I17: 55312687 | J17: 1.9864078e+08 | K17: 1.6648538e+09
B18: Connected | C18: 2050 | D18: 3.9615214e+08 | E18: 5.1611048e+08 | F18: 3.4742107e+08 | G18: 46217928 | H18: 1.1915254e+08 | I18: 55031522 | J18: 1.9865055e+08 | K18: 1.6787362e+09
B19: Rural | C19: 2050 | D19: 3.457204e+08 | E19: 5.4820031e+08 | F19: 3.8379202e+08 | G19: 46325254 | H19: 1.195998e+08 | I19: 55463402 | J19: 1.9874798e+08 | K19: 1.6978492e+09
A20: WLO Low | B20: Urban | C20: 2050 | D20: 3.6525258e+08 | E20: 4.3113786e+08 | F20: 3.2009349e+08 | G20: 42071087 | H20: 1.084468e+08 | I20: 50465045 | J20: 1.9468557e+08 | K20: 1.5121524e+09
B21: Connected | C21: 2050 | D21: 3.5189574e+08 | E21: 4.4075905e+08 | F21: 3.2835029e+08 | G21: 42112685 | H21: 1.0837927e+08 | I21: 50375671 | J21: 1.9471184e+08 | K21: 1.5165846e+09
B22: Rural | C22: 2050 | D22: 3.218265e+08 | E22: 4.6377627e+08 | F22: 3.44425e+08 | G22: 42093997 | H22: 1.0862754e+08 | I22: 50617137 | J22: 1.9483473e+08 | K22: 1.5262012e+09

Sheet Stock_2018_UFA
A1: Building type | B1: Cohort
C2: UFA | D2: % | E2: Total per building type
A3: detached house | B3: <1945 | C3: =Stock_2018!C2/MI_2018!C3 -> 92478.497 | D3: =C3/SUM(C$3:C$6) -> 0.28425677 | E3: =SUM(C3:C6)*1000 -> 3.2533437e+08
B4: 1945-1970 | C4: =Stock_2018!C3/MI_2018!C4 -> 64182.854 | D4: =C4/SUM(C$3:C$6) -> 0.19728273
B5: 1970-2000 | C5: =Stock_2018!C4/MI_2018!C5 -> 114847.85 | D5: =C5/SUM(C$3:C$6) -> 0.35301481
B6: 2000-2018 | C6: =Stock_2018!C5/MI_2018!C6 -> 53825.169 | D6: =C6/SUM(C$3:C$6) -> 0.16544569
A7: row house | B7: <1945 | C7: =Stock_2018!C6/MI_2018!C7 -> 62293.139 | D7: =C7/SUM(C$7:C$10) -> 0.15004485 | E7: =SUM(C7:C10)*1000 -> 4.1516345e+08
B8: 1945-1970 | C8: =Stock_2018!C7/MI_2018!C8 -> 80389.659 | D8: =C8/SUM(C$7:C$10) -> 0.19363376
B9: 1970-2000 | C9: =Stock_2018!C8/MI_2018!C9 -> 208342.29 | D9: =C9/SUM(C$7:C$10) -> 0.50183196
B10: 2000-2018 | C10: =Stock_2018!C9/MI_2018!C10 -> 64138.361 | D10: =C10/SUM(C$7:C$10) -> 0.15448942
A11: shop | B11: <1945 | C11: =Stock_2018!C26/MI_2018!C11 -> 1559.029 | D11: =C11/SUM(C$11:C$14) -> 0.065175877 | E11: =SUM(C11:C14)*1000 -> 23920338
B12: 1945-1970 | C12: =Stock_2018!C27/MI_2018!C12 -> 2701.478 | D12: =C12/SUM(C$11:C$14) -> 0.11293645
B13: 1970-2000 | C13: =Stock_2018!C28/MI_2018!C13 -> 12411.575 | D13: =C13/SUM(C$11:C$14) -> 0.51887122
B14: 2000-2018 | C14: =Stock_2018!C29/MI_2018!C14 -> 7248.256 | D14: =C14/SUM(C$11:C$14) -> 0.30301645
A15: apartment | B15: <1945 | C15: =Stock_2018!C11/MI_2018!C15 -> 59287.271 | D15: =C15/SUM(C$15:C$18) -> 0.22356636 | E15: =SUM(C15:C18)*1000 -> 2.651887e+08
B16: 1945-1970 | C16: =Stock_2018!C12/MI_2018!C16 -> 125270.08 | D16: =C16/SUM(C$15:C$18) -> 0.47238092
B17: 1970-2000 | C17: =Stock_2018!C13/MI_2018!C17 -> 71994.183 | D17: =C17/SUM(C$15:C$18) -> 0.27148285
B18: 2000-2018 | C18: =Stock_2018!C14/MI_2018!C18 -> 8637.1616 | D18: =C18/SUM(C$15:C$18) -> 0.032569871
A19: office | B19: <1945 | C19: =Stock_2018!C18/MI_2018!C19 -> 11112.999 | D19: =C19/SUM(C$19:C$22) -> 0.10644386 | E19: =SUM(C19:C22)*1000 -> 1.0440244e+08
B20: 1945-1970 | C20: =Stock_2018!C19/MI_2018!C20 -> 12080.214 | D20: =C20/SUM(C$19:C$22) -> 0.11570816
B21: 1970-2000 | C21: =Stock_2018!C20/MI_2018!C21 -> 45954.713 | D21: =C21/SUM(C$19:C$22) -> 0.44016895
B22: 2000-2018 | C22: =Stock_2018!C21/MI_2018!C22 -> 35254.515 | D22: =C22/SUM(C$19:C$22) -> 0.33767903
A23: industry | B23: <1945 | C23: =Stock_2018!C14/MI_2018!C23 -> 7326.553 | D23: =C23/SUM(C$23:C$26) -> 0.030963671 | E23: =SUM(C23:C26)*1000 -> 236617712
B24: 1945-1970 | C24: =Stock_2018!C15/MI_2018!C24 -> 28079.993 | D24: =C24/SUM(C$23:C$26) -> 0.11867241
B25: 1970-2000 | C25: =Stock_2018!C16/MI_2018!C25 -> 115713.15 | D25: =C25/SUM(C$23:C$26) -> 0.48902996
B26: 2000-2018 | C26: =Stock_2018!C17/MI_2018!C26 -> 85498.016 | D26: =C26/SUM(C$23:C$26) -> 0.36133396
A27: services | B27: <1945 | C27: =Stock_2018!C22/MI_2018!C27 -> 5420.899 | D27: =C27/SUM(C$27:C$30) -> 0.069278593 | E27: =SUM(C27:C30)*1000 -> 78247822
B28: 1945-1970 | C28: =Stock_2018!C23/MI_2018!C28 -> 14377.929 | D28: =C28/SUM(C$27:C$30) -> 0.18374862
B29: 1970-2000 | C29: =Stock_2018!C24/MI_2018!C29 -> 36074.942 | D29: =C29/SUM(C$27:C$30) -> 0.46103446
B30: 2000-2018 | C30: =Stock_2018!C25/MI_2018!C30 -> 22374.052 | D30: =C30/SUM(C$27:C$30) -> 0.28593834

Sheet Stock_2018
A1: ton | C1: Steel & iron | D1: Copper | E1: Aluminum | F1: Other metals | G1: Wood | H1: Concrete | I1: Clay brick | J1: Other construction materials | K1: Glass | L1: Ceramics | M1: Plastics | N1: Insulation | O1: Other
A2: Detached house | B2: <1945 | C2: 5968222.1 | D2: 81740.931 | E2: 13926.164 | F2: 244015.21 | G2: 12446887 | H2: 1.2786951e+08 | I2: 28312434 | J2: 33428766 | K2: 8348.5293 | L2: 1713471 | M2: 118549.3 | N2: 1292579.2 | O2: 146703.53
B3: 1945-1970 | C3: 3792086.1 | D3: 56730.661 | E3: 15876.933 | F3: 170796.74 | G3: 4844764.6 | H3: 92555388 | I3: 19649679 | J3: 25085750 | K3: 183603.94 | L3: 1189200.3 | M3: 100287.56 | N3: 928101.51 | O3: 123832.22
B4: 1970-2000 | C4: 6174535.9 | D4: 101513.01 | E4: 25643.556 | F4: 305621.17 | G4: 3084344.8 | H4: 1.6657155e+08 | I4: 14064338 | J4: 87992797 | K4: 646708.43 | L4: 325496.36 | M4: 206784.79 | N4: 1725099.2 | O4: 220402.88
B5: >2000 | C5: 2892980.5 | D5: 47575.594 | E5: 12018.237 | F5: 143233.95 | G5: 2101992 | H5: 78066256 | I5: 6591463.3 | J5: 41239145 | K5: 303089.61 | L5: 152548.76 | M5: 96912.794 | N5: 864509.61 | O5: 108229.33
A6: Row house | B6: <1945 | C6: 3191676.9 | D6: 21895.64 | E6: 23581.034 | F6: 91553.097 | G6: 4034627.8 | H6: 71283116 | I6: 10145438 | J6: 18511534 | K6: 14354.469 | L6: 172088.08 | M6: 50972.603 | N6: 823466.9 | O6: 85598.598
B7: 1945-1970 | C7: 4275552.2 | D7: 28256.451 | E7: 38219.032 | F7: 122215.79 | G7: 3284808.7 | H7: 98529732 | I7: 13092747 | J7: 24615087 | K7: 186007 | L7: 222080.67 | M7: 92077.123 | N7: 1083436.4 | O7: 157659.47
B8: 1970-2000 | C8: 11422382 | D8: 73230.981 | E8: 78771.265 | F8: 316741.21 | G8: 4230182 | H8: 2.717786e+08 | I8: 13572755 | J8: 98118195 | K8: 916122.89 | L8: 575556.55 | M8: 389894.04 | N8: 2884136.9 | O8: 407714.75
B9: >2000 | C9: 3515437.5 | D9: 22544.224 | E9: 24249.805 | F9: 97509.067 | G9: 2105977.6 | H9: 83667288 | I9: 4178385 | J9: 30205775 | K9: 282029.26 | L9: 177185.6 | M9: 120029.23 | N9: 930346.7 | O9: 131700.5
A10: Apartment | B10: <1945 | C10: 4206599 | D10: 19253.407 | E10: 12544.708 | F10: 45045.928 | G10: 3046532.6 | H10: 79213925 | I10: 7836583.8 | J10: 15655317 | K10: 56760.418 | L10: 379275.89 | M10: 67249.576 | N10: 1293829.6 | O10: 131543.77
B11: 1945-1970 | C11: 3749776.1 | D11: 17182.229 | E11: 11397.673 | F11: 40200.131 | G11: 1629318.5 | H11: 76311712 | I11: 6993566.6 | J11: 13963430 | K11: 244814.99 | L11: 338475.45 | M11: 78718.555 | N11: 1183935.6 | O11: 272608.43
B12: 1970-2000 | C12: 7913953.7 | D12: 29314.644 | E12: 704507.07 | F12: 69108.074 | G12: 998644.17 | H12: 1.6112633e+08 | I12: 2264944.8 | J12: 17990593 | K12: 748937.23 | L12: 560835.43 | M12: 209839.12 | N12: 1414732.1 | O12: 486428.84
B13: >2000 | C13: 5626348.4 | D13: 20846.233 | E13: 500989.14 | F13: 49144.141 | G13: 710155.95 | H13: 1.1458018e+08 | I13: 1610647.8 | J13: 12793473 | K13: 532584.33 | L13: 398821.35 | M13: 149220.82 | N13: 571525.32 | O13: 340291.35
A14: Industry | B14: <1945 | C14: 674823.84 | D14: 1789.4876 | E14: 934.94514 | F14: 1335.5116 | G14: 567919.78 | H14: 5983373.2 | I14: 73403.032 | J14: 292210.14 | K14: 583.9205 | L14: 1464.7895 | M14: 13787.506 | N14: 90768.248 | O14: 2904.8611
B15: 1945-1970 | C15: 2412843.5 | D15: 6858.4502 | E15: 3986.0853 | F15: 5118.5267 | G15: 1098358.5 | H15: 22919991 | I15: 281326.93 | J15: 1119934.4 | K15: 14522.952 | L15: 5614.0014 | M15: 59431.536 | N15: 439115.53 | O15: 10974.327
B16: 1970-2000 | C16: 9277077.6 | D16: 28262.574 | E16: 51719.75 | F16: 21094.733 | G16: 93661.114 | H16: 94798368 | I16: 465632.65 | J16: 5885846 | K16: 110471.27 | L16: 23134.4 | M16: 243807.25 | N16: 2336095.9 | O16: 36260.934
B17: >2000 | C17: 6854488.3 | D17: 20882.622 | E17: 38214.637 | F17: 15586.455 | G17: 69204.23 | H17: 70044523 | I17: 344046.19 | J17: 4348928 | K17: 81624.897 | L17: 17093.522 | M17: 180144.05 | N17: 2664388.2 | O17: 26202.695
A18: Office | B18: <1945 | C18: 821929.17 | D18: 3761.384 | E18: 1092.5913 | F18: 8629.0555 | G18: 553266.29 | H18: 10233130 | I18: 961709.51 | J18: 3383609.1 | K18: 18487.923 | L18: 58711.304 | M18: 14683.946 | N18: 220993.69 | O18: 23442.49
B19: 1945-1970 | C19: 894470.22 | D19: 4088.7544 | E19: 1034.6298 | F19: 9380.0816 | G19: 306332.27 | H19: 11820195 | I19: 1045411.5 | J19: 3678100.1 | K19: 63307.946 | L19: 63821.216 | M19: 20230.43 | N19: 251921.9 | O19: 24302.879
B20: 1970-2000 | C20: 4061643.8 | D20: 15554.156 | E20: 328388.48 | F20: 36095.19 | G20: 145175.62 | H20: 59808390 | I20: 1782387.8 | J20: 13435220 | K20: 405211.74 | L20: 242784.25 | M20: 81678.913 | N20: 716193.19 | O20: 101413.29
B21: >2000 | C21: 3115231 | D21: 11932.492 | E21: 251925.78 | F21: 27690.705 | G21: 111372.6 | H21: 45882471 | I21: 1367372.6 | J21: 10306934 | K21: 310861.34 | L21: 186253.82 | M21: 62660.612 | N21: 405031.72 | O21: 75074.037
A22: Services | B22: <1945 | C22: 414002.86 | D22: 1743.9951 | E22: 594.44182 | F22: 4085.3377 | G22: 306912.42 | H22: 6746084.3 | I22: 767283.5 | J22: 1239410.6 | K22: 4394.9015 | L22: 66489.716 | M22: 6146.1208 | N22: 96008.246 | O22: 11029.132
B23: 1945-1970 | C23: 1089836.6 | D23: 4625.6234 | E23: 1515.6778 | F23: 11026.154 | G23: 449362.71 | H23: 18967081 | I23: 2035077.1 | J23: 3287306.8 | K23: 37796.89 | L23: 176351.64 | M23: 19218.895 | N23: 261143.88 | O23: 46925.377
B24: 1970-2000 | C24: 2792936.2 | D24: 11643.189 | E24: 221571.53 | F24: 27834.353 | G24: 219965.29 | H24: 49743549 | I24: 2042444.1 | J24: 11793332 | K24: 147532.45 | L24: 211281.9 | M24: 60107.25 | N24: 495007.02 | O24: 114948.62
B25: >2000 | C25: 1732219.2 | D25: 7221.2262 | E25: 137420.95 | F25: 17263.153 | G25: 165913.22 | H25: 30851463 | I25: 1266744.9 | J25: 7314346.1 | K25: 98791.605 | L25: 131039.22 | M25: 37395.785 | N25: 199654.02 | O25: 69952.419
A26: Shop | B26: <1945 | C26: 72442.645 | D26: 322.95682 | E26: 182.42228 | F26: 718.9293 | G26: 66777.097 | H26: 1711591.1 | I26: 267163.27 | J26: 430287.13 | K26: 17177.732 | L26: 29339.268 | M26: 2336.9363 | N26: 26321.384 | O26: 3135.0936
B27: 1945-1970 | C27: 125796.46 | D27: 559.61804 | E27: 353.46596 | F27: 1337.2105 | G27: 65943.292 | H27: 3157950.5 | I27: 462939.25 | J27: 745462.95 | K27: 38248.289 | L27: 50838.943 | M27: 4786.519 | N27: 46481.502 | O27: 8566.0643
B28: 1970-2000 | C28: 596437.01 | D28: 2575.6332 | E28: 18265.185 | F28: 6143.6328 | G28: 117566.54 | H28: 15001028 | I28: 850764.68 | J28: 4506951 | K28: 214699.65 | L28: 60133.735 | M28: 22482.975 | N28: 153388.56 | O28: 38874.145
B29: >2000 | C29: 348173.33 | D29: 1504.1482 | E29: 10666.715 | F29: 3587.8302 | G29: 102754.78 | H29: 8760474.8 | I29: 496839.46 | J29: 2632021.7 | K29: 125382.8 | L29: 35117.599 | M29: 13129.87 | N29: 56871.692 | O29: 22568.04

Sheet Stock_2050
C1: ton | D1: Concrete | E1: Clay brick | F1: Other construction materials | G1: Mortel | H1: Steel & iron | I1: Insulation | J1: Ceramics | K1: Glass | L1: Wood | M1: Other | N1: Plastics | O1: Aluminum | P1: Copper | Q1: Other metals | R1: Other biobased materials
A2: 2018 | D2: 1.8493522e+09 | E2: 1.4074582e+08 | F2: 4.8568504e+08 | H2: 96871053 | I2: 23172021 | J2: 7389075.2 | K2: 5416948.9 | L2: 46605680 | M2: 3156144.7 | N2: 2479827.8 | O2: 2500124.1 | P2: 638447.95 | Q2: 1880323.8
A3: Baseline | B3: WLO High | C3: Urban | D3: 2.0593403e+09 | E3: 1.8181707e+08 | F3: 4.8234968e+08 | G3: 15671348 | H3: 98473122 | I3: 26634589 | J3: 9839288 | K3: 7251264.3 | L3: 60950536 | M3: 3809309 | N3: 3139684.2 | O3: 2796047.9 | P3: 734388.33 | Q3: 1784398.8 | R3: 101327.11
C4: Connected | D4: 2.1101645e+09 | E4: 1.8235461e+08 | F4: 5.0428839e+08 | G4: 14810912 | H4: 1.0072144e+08 | I4: 27630227 | J4: 9633116.5 | K4: 7407873.6 | L4: 62523420 | M4: 3873335.1 | N4: 3165650.6 | O4: 2807096 | P4: 754246.38 | Q4: 1866098 | R4: 109333.68
C5: Rural | D5: 2.1889165e+09 | E5: 1.837178e+08 | F5: 5.2454796e+08 | G5: 14867568 | H5: 1.0481143e+08 | I5: 29568112 | J5: 9438201 | K5: 7818637.3 | L5: 65426380 | M5: 4030321.5 | N5: 3234923.1 | O5: 2967496.4 | P5: 779987.24 | Q5: 1924120.9 | R5: 131027.97
B6: WLO Low | C6: Urban | D6: 1.9357436e+09 | E6: 1.587921e+08 | F6: 4.8406274e+08 | G6: 6766764.3 | H6: 97548842 | I6: 24462326 | J6: 8510971.8 | K6: 6157584.4 | L6: 52415421 | M6: 3427357.5 | N6: 2758932.2 | O6: 2644176.8 | P6: 679508.1 | Q6: 1839566.9 | R6: 39484.477
C7: Connected | D7: 1.9535124e+09 | E7: 1.5932178e+08 | F7: 4.9227216e+08 | G7: 6488522.6 | H7: 98354082 | I7: 24744139 | J7: 8470410.7 | K7: 6210979 | L7: 52909657 | M7: 3448019 | N7: 2770920.3 | O7: 2648623.9 | P7: 686682.85 | Q7: 1871231.2 | R7: 40859.075
C8: Rural | D8: 1.9928689e+09 | E8: 1.5940304e+08 | F8: 5.0236386e+08 | G8: 6347734.4 | H8: 1.00251e+08 | I8: 25745124 | J8: 8314366.5 | K8: 6390389 | L8: 54430986 | M8: 3524502.3 | N8: 2799010.6 | O8: 2707561 | P8: 698940.09 | Q8: 1900379.4 | R8: 53106.703
A9: Baseline, GO + 20% | B9: WLO High | C9: Urban | D9: 2.1220064e+09 | E9: 1.9175326e+08 | F9: 4.8817291e+08 | G9: 18670175 | H9: 99746781 | I9: 27513048 | J9: 10408261 | K9: 7650213.4 | L9: 64192538 | M9: 3974539.8 | N9: 3294125.8 | O9: 2873226.4 | P9: 761190.4 | Q9: 1791277.9 | R9: 119579.92
C10: Connected | D10: 2.1703873e+09 | E10: 1.9134028e+08 | F10: 5.1020425e+08 | G10: 17639380 | H10: 1.0194648e+08 | I10: 28581479 | J10: 10117034 | K10: 7798277.5 | L10: 65753166 | M10: 4029298.8 | N10: 3309649.2 | O10: 2878584.8 | P10: 780208.17 | Q10: 1872463.1 | R10: 129199.53
C11: Rural | D11: 2.250291e+09 | E11: 1.9205125e+08 | F11: 5.3115884e+08 | G11: 17716367 | H11: 1.0606844e+08 | I11: 30747698 | J11: 9825244.1 | K11: 8239489.4 | L11: 68969645 | M11: 4187171.4 | N11: 3374716.7 | O11: 3037546.1 | P11: 806905.42 | Q11: 1930256.1 | R11: 155428.66
B12: WLO Low | C12: Urban | D12: 1.9625614e+09 | E12: 1.6316946e+08 | F12: 4.8649013e+08 | G12: 8064485.6 | H12: 98094068 | I12: 24817473 | J12: 8767645 | K12: 6327471.5 | L12: 53782218 | M12: 3498810.3 | N12: 2825980.6 | O12: 2677863.9 | P12: 690941.49 | Q12: 1842565.9 | R12: 46821.271
C13: Connected | D13: 1.9793225e+09 | E13: 1.6342125e+08 | F13: 4.9468348e+08 | G13: 7730913.3 | H13: 98879693 | I13: 25112546 | J13: 8703444.8 | K13: 6377094.9 | L13: 54256078 | M13: 3516410.3 | N13: 2834512.8 | O13: 2680610.8 | P13: 697742.98 | Q13: 1874068.8 | R13: 48459.407
C14: Rural | D14: 2.0191581e+09 | E14: 1.6301901e+08 | F14: 5.0514826e+08 | G14: 7564236.3 | H14: 1.0078805e+08 | I14: 26231742 | J14: 8487929.1 | K14: 6567742.8 | L14: 55923746 | M14: 3591546.2 | N14: 2859344 | O14: 2737582.1 | P14: 710423.91 | Q14: 1903026.1 | R14: 63228.593
A15: Baseline, GO - 20% | B15: WLO High | C15: Urban | D15: 1.9966742e+09 | E15: 1.7188089e+08 | F15: 4.7652645e+08 | G15: 12672521 | H15: 97199462 | I15: 25756130 | J15: 9270315.4 | K15: 6852315.2 | L15: 57708534 | M15: 3644078.3 | N15: 2985242.6 | O15: 2718869.4 | P15: 707586.26 | Q15: 1777519.7 | R15: 83074.294
C16: Connected | D16: 2.0499417e+09 | E16: 1.7336895e+08 | F16: 4.9837253e+08 | G16: 11982444 | H16: 99496413 | I16: 26678974 | J16: 9149198.7 | K16: 7017469.7 | L16: 59293674 | M16: 3717371.5 | N16: 3021652 | O16: 2735607.3 | P16: 728284.59 | Q16: 1859732.9 | R16: 89467.838
C17: Rural | D17: 2.127542e+09 | E17: 1.7538435e+08 | F17: 5.1793709e+08 | G17: 12018770 | H17: 1.0355442e+08 | I17: 28388526 | J17: 9051158 | K17: 7397785.3 | L17: 61883116 | M17: 3873471.6 | N17: 3095129.5 | O17: 2897446.7 | P17: 753069.05 | Q17: 1917985.6 | R17: 106627.29
B18: WLO Low | C18: Urban | D18: 1.9089258e+09 | E18: 1.5441474e+08 | F18: 4.8163536e+08 | G18: 5469043 | H18: 97003616 | I18: 24107179 | J18: 8254298.7 | K18: 5987697.4 | L18: 51048624 | M18: 3355904.7 | N18: 2691883.8 | O18: 2610489.6 | P18: 668074.71 | Q18: 1836567.9 | R18: 32147.682
C19: Connected | D19: 1.9277023e+09 | E19: 1.5522231e+08 | F19: 4.8986085e+08 | G19: 5246131.9 | H19: 97828470 | I19: 24375731 | J19: 8237376.5 | K19: 6044863.2 | L19: 51563237 | M19: 3379627.7 | N19: 2707327.8 | O19: 2616637.1 | P19: 675622.72 | Q19: 1868393.6 | R19: 33258.744
C20: Rural | D20: 1.9665797e+09 | E20: 1.5578706e+08 | F20: 4.9957945e+08 | G20: 5131232.6 | H20: 99713945 | I20: 25258506 | J20: 8140803.9 | K20: 6213035.3 | L20: 52938227 | M20: 3457458.4 | N20: 2738677.2 | O20: 2677539.9 | P20: 687456.26 | Q20: 1897732.6 | R20: 42984.814
A21: Biobased | B21: WLO High | C21: Urban | D21: 1.8239595e+09 | E21: 1.4432667e+08 | F21: 4.8287298e+08 | G21: 5048193 | H21: 94759561 | I21: 25331568 | J21: 9839288 | K21: 7251264.3 | L21: 1.0127327e+08 | M21: 4137017 | N21: 3157466.6 | O21: 2625460.8 | P21: 734388.33 | Q21: 1779853.6 | R21: 380362.19
C22: Connected | D22: 1.8854034e+09 | E22: 1.4842222e+08 | F22: 5.0534962e+08 | G22: 4708819.6 | H22: 97216832 | I22: 26289115 | J22: 9633116.5 | K22: 7407873.6 | L22: 1.00877e+08 | M22: 4222314.8 | N22: 3176511.8 | O22: 2655214.4 | P22: 754246.38 | Q22: 1862147.2 | R22: 412711.19
C23: Rural | D23: 1.9669434e+09 | E23: 1.5226934e+08 | F23: 5.270002e+08 | G23: 4572645.8 | H23: 1.0149788e+08 | I23: 28031806 | J23: 9438201 | K23: 7818637.3 | L23: 1.0352146e+08 | M23: 4444877.5 | N23: 3234591.6 | O23: 2839047 | P23: 779987.24 | Q23: 1921015.8 | R23: 501558.15
B24: WLO Low | C24: Urban | D24: 1.8369251e+09 | E24: 1.4234633e+08 | F24: 4.8400131e+08 | G24: 2215884.9 | H24: 95960838 | I24: 23932931 | J24: 8510971.8 | K24: 6157584.4 | L24: 69372514 | M24: 3556228.6 | N24: 2767660.2 | O24: 2560753.7 | P24: 679508.1 | Q24: 1837618.5 | R24: 150236.51
C25: Connected | D25: 1.8587632e+09 | E25: 1.4391936e+08 | F25: 4.9231527e+08 | G25: 2114099.7 | H25: 96833784 | I25: 24213004 | J25: 8470410.7 | K25: 6210979 | L25: 69166774 | M25: 3579690.8 | N25: 2777825.6 | O25: 2570181 | P25: 686682.85 | Q25: 1869458.3 | R25: 155535.01
C26: Rural | D26: 1.899342e+09 | E26: 1.458172e+08 | F26: 5.0311309e+08 | G26: 1989815.8 | H26: 98827076 | I26: 25113439 | J26: 8314366.5 | K26: 6390389 | L26: 70394369 | M26: 3692931 | N26: 2799676.2 | O26: 2642470 | P26: 698940.09 | Q26: 1899047.5 | R26: 205526.9
A27: Biobased, GO + 20% | B27: WLO High | C27: Urban | D27: 1.8439245e+09 | E27: 1.4681072e+08 | F27: 4.8938067e+08 | G27: 5943497.3 | H27: 95490442 | I27: 25952286 | J27: 10408261 | K27: 7650213.4 | L27: 1.1197385e+08 | M27: 4367758.5 | N27: 3315732.1 | O27: 2684820.3 | P27: 761190.4 | Q27: 1785954.4 | R27: 453373.45
C28: Connected | D28: 1.9050816e+09 | E28: 1.5066863e+08 | F28: 5.1204361e+08 | G28: 5538569.9 | H28: 97941085 | I28: 26975307 | J28: 10117034 | K28: 7798277.5 | L28: 1.1116315e+08 | M28: 4447916.1 | N28: 3322943.2 | O28: 2712244.8 | P28: 780208.17 | Q28: 1867853.2 | R28: 492174.57
C29: Rural | D29: 1.9878681e+09 | E29: 1.5435271e+08 | F29: 5.3464476e+08 | G29: 5380657.5 | H29: 1.0227608e+08 | I29: 28906286 | J29: 9825244.1 | K29: 8239489.4 | L29: 1.1414147e+08 | M29: 4684801.3 | N29: 3374571.1 | O29: 2898758.1 | P29: 806905.42 | Q29: 1926647.3 | R29: 599160.9
B30: WLO Low | C30: Urban | D30: 1.8453683e+09 | E30: 1.4344067e+08 | F30: 4.8669848e+08 | G30: 2606249.2 | H30: 96269210 | I30: 24181101 | J30: 8767645 | K30: 6327471.5 | L30: 73958674 | M30: 3654362.2 | N30: 2836594.4 | O30: 2586250.4 | P30: 690941.49 | Q30: 1840266.8 | R30: 179583.69
C31: Connected | D31: 1.8670024e+09 | E31: 1.4494423e+08 | F31: 4.9501657e+08 | G31: 2484307.3 | H31: 97135737 | I31: 24474054 | J31: 8703444.8 | K31: 6377094.9 | L31: 73593724 | M31: 3675325.5 | N31: 2842938 | O31: 2594868.8 | P31: 697742.98 | Q31: 1871979.8 | R31: 185936.33
C32: Rural | D32: 1.9082366e+09 | E32: 1.4672119e+08 | F32: 5.063185e+08 | G32: 2337116.8 | H32: 99157122 | I32: 25472555 | J32: 8487929.1 | K32: 6567742.8 | L32: 74918683 | M32: 3794580.7 | N32: 2860279 | O32: 2667752 | P32: 710423.91 | Q32: 1901464.2 | R32: 246014.46
A33: Biobased, GO - 20% | B33: WLO High | C33: Urban | D33: 1.8039944e+09 | E33: 1.4184262e+08 | F33: 4.7636529e+08 | G33: 4152888.7 | H33: 94028681 | I33: 24710850 | J33: 9270315.4 | K33: 6852315.2 | L33: 90572683 | M33: 3906275.5 | N33: 2999201.1 | O33: 2566101.2 | P33: 707586.26 | Q33: 1773752.8 | R33: 307350.94
C34: Connected | D34: 1.8657253e+09 | E34: 1.461758e+08 | F34: 4.9865563e+08 | G34: 3879069.3 | H34: 96492579 | I34: 25602923 | J34: 9149198.7 | K34: 7017469.7 | L34: 90590841 | M34: 3996713.5 | N34: 3030080.3 | O34: 2598184 | P34: 728284.59 | Q34: 1856441.2 | R34: 333247.82
C35: Rural | D35: 1.9460187e+09 | E35: 1.5018598e+08 | F35: 5.1935563e+08 | G35: 3764634.1 | H35: 1.0071967e+08 | I35: 27157326 | J35: 9051158 | K35: 7397785.3 | L35: 92901454 | M35: 4204953.7 | N35: 3094612.1 | O35: 2779335.9 | P35: 753069.05 | Q35: 1915384.4 | R35: 403955.4
B36: WLO Low | C36: Urban | D36: 1.8284818e+09 | E36: 1.4125199e+08 | F36: 4.8130414e+08 | G36: 1825520.7 | H36: 95652466 | I36: 23684761 | J36: 8254298.7 | K36: 5987697.4 | L36: 64786353 | M36: 3458095 | N36: 2698726 | O36: 2535256.9 | P36: 668074.71 | Q36: 1834970.2 | R36: 120889.33
C37: Connected | D37: 1.850524e+09 | E37: 1.428945e+08 | F37: 4.8961398e+08 | G37: 1743892.1 | H37: 96531830 | I37: 23951953 | J37: 8237376.5 | K37: 6044863.2 | L37: 64739824 | M37: 3484056.2 | N37: 2712713.3 | O37: 2545493.2 | P37: 675622.72 | Q37: 1866936.8 | R37: 125133.68
C38: Rural | D38: 1.8904474e+09 | E38: 1.449132e+08 | F38: 4.9990769e+08 | G38: 1642514.8 | H38: 98497029 | I38: 24754323 | J38: 8140803.9 | K38: 6213035.3 | L38: 65870055 | M38: 3591281.3 | N38: 2739073.4 | O38: 2617188 | P38: 687456.26 | Q38: 1896630.9 | R38: 165039.34
A39: Circular | B39: WLO High | C39: Urban | D39: 1.87878e+09 | E39: 1.5507545e+08 | F39: 4.7765311e+08 | G39: 3032660.4 | H39: 97129233 | I39: 24962428 | J39: 9839288 | K39: 7251264.3 | L39: 67538688 | M39: 3785453.7 | N39: 3220741.9 | O39: 2623021.3 | P39: 734388.33 | Q39: 1784280.9 | R39: 101327.11
C40: Connected | D40: 1.9432618e+09 | E40: 1.6009074e+08 | F40: 5.0016725e+08 | G40: 2334325.1 | H40: 99488034 | I40: 25724101 | J40: 9633116.5 | K40: 7407873.6 | L40: 67919567 | M40: 3826290.5 | N40: 3244775.8 | O40: 2647414.8 | P40: 754246.38 | Q40: 1865984.1 | R40: 109333.68
C41: Rural | D41: 2.0341757e+09 | E41: 1.6679533e+08 | F41: 5.2105705e+08 | G41: 1376158 | H41: 1.0374065e+08 | I41: 27040755 | J41: 9438201 | K41: 7818637.3 | L41: 69150058 | M41: 3934047.6 | N41: 3318953.3 | O41: 2820468.7 | P41: 779987.24 | Q41: 1924007.8 | R41: 131027.97
B42: WLO Low | C42: Urban | D42: 1.858256e+09 | E42: 1.4662605e+08 | F42: 4.8192919e+08 | G42: 1422606.1 | H42: 96947692 | I42: 23810506 | J42: 8510971.8 | K42: 6157584.4 | L42: 55539502 | M42: 3420119.8 | N42: 2792842.9 | O42: 2556266.7 | P42: 679508.1 | Q42: 1839495.1 | R42: 39484.477
C43: Connected | D43: 1.8804476e+09 | E43: 1.4837452e+08 | F43: 4.9029359e+08 | G43: 1240742.9 | H43: 97785486 | I43: 24042242 | J43: 8470410.7 | K43: 6210979 | L43: 55716285 | M43: 3434648.2 | N43: 2803977.5 | O43: 2564289 | P43: 686682.85 | Q43: 1871160.4 | R43: 40859.075
C44: Rural | D44: 1.9263805e+09 | E44: 1.5173535e+08 | F44: 5.0077937e+08 | G44: 667757.03 | H44: 99759398 | I44: 24720787 | J44: 8314366.5 | K44: 6390389 | L44: 56281997 | M44: 3486148.9 | N44: 2833931.6 | O44: 2630779.5 | P44: 698940.09 | Q44: 1900308.8 | R44: 53106.703
A45: Circular, GO + 20% | B45: WLO High | C45: Urban | D45: 1.9093392e+09 | E45: 1.5966331e+08 | F45: 4.8271007e+08 | G45: 3610962 | H45: 98250030 | I45: 25513105 | J45: 10408261 | K45: 7650213.4 | L45: 71815602 | M45: 3949260.1 | N45: 3390998.1 | O45: 2684415.4 | P45: 761190.4 | Q45: 1791160.1 | R45: 119579.92
C46: Connected | D46: 1.9740888e+09 | E46: 1.6462363e+08 | F46: 5.0542833e+08 | G46: 2773500.7 | H46: 1.0058036e+08 | I46: 26300877 | J46: 10117034 | K46: 7798277.5 | L46: 71952450 | M46: 3976105.4 | N46: 3404188.9 | O46: 2705264.8 | P46: 780208.17 | Q46: 1872349.2 | R46: 129199.53
C47: Rural | D47: 2.0682502e+09 | E47: 1.7174428e+08 | F47: 5.2713114e+08 | G47: 1625157 | H47: 1.0489114e+08 | I47: 27720743 | J47: 9825244.1 | K47: 8239489.4 | L47: 73172482 | M47: 4074797 | N47: 3475214 | O47: 2878978.1 | P47: 806905.42 | Q47: 1930143 | R47: 155428.66
B48: WLO Low | C48: Urban | D48: 1.8710387e+09 | E48: 1.4857019e+08 | F48: 4.8401113e+08 | G48: 1694432.3 | H48: 97424793 | I48: 24036861 | J48: 8767645 | K48: 6327471.5 | L48: 57388412 | M48: 3491866 | N48: 2866635.7 | O48: 2582865.6 | P48: 690941.49 | Q48: 1842494.1 | R48: 46821.271
C49: Connected | D49: 1.8930931e+09 | E49: 1.5028454e+08 | F49: 4.9238992e+08 | G49: 1476237.6 | H49: 98249141 | I49: 24271801 | J49: 8703444.8 | K49: 6377094.9 | L49: 57482566 | M49: 3502091.3 | N49: 2874146.3 | O49: 2589773.5 | P49: 697742.98 | Q49: 1873998 | R49: 48459.407
C50: Rural | D50: 1.9407598e+09 | E50: 1.5381779e+08 | F50: 5.0332509e+08 | G50: 789160.71 | H50: 1.0024819e+08 | I50: 25003988 | J50: 8487929.1 | K50: 6567742.8 | L50: 58006651 | M50: 3547211.7 | N50: 2901219.7 | O50: 2655709.2 | P50: 710423.91 | Q50: 1902955.5 | R50: 63228.593
A51: Circular, GO - 20% | B51: WLO High | C51: Urban | D51: 1.8482209e+09 | E51: 1.5048759e+08 | F51: 4.7259615e+08 | G51: 2454358.9 | H51: 96008436 | I51: 24411752 | J51: 9270315.4 | K51: 6852315.2 | L51: 63261774 | M51: 3621647.3 | N51: 3050485.7 | O51: 2561627.1 | P51: 707586.26 | Q51: 1777401.8 | R51: 83074.294
C52: Connected | D52: 1.9124347e+09 | E52: 1.5555785e+08 | F52: 4.9490616e+08 | G52: 1895149.5 | H52: 98395708 | I52: 25147324 | J52: 9149198.7 | K52: 7017469.7 | L52: 63886684 | M52: 3676475.7 | N52: 3085362.6 | O52: 2589564.8 | P52: 728284.59 | Q52: 1859619 | R52: 89467.838
C53: Rural | D53: 2.0001011e+09 | E53: 1.6184638e+08 | F53: 5.1498297e+08 | G53: 1127159 | H53: 1.0259016e+08 | I53: 26360768 | J53: 9051158 | K53: 7397785.3 | L53: 65127634 | M53: 3793298.1 | N53: 3162692.5 | O53: 2761959.3 | P53: 753069.05 | Q53: 1917872.6 | R53: 106627.29
B54: WLO Low | C54: Urban | D54: 1.8454734e+09 | E54: 1.446819e+08 | F54: 4.7984725e+08 | G54: 1150779.8 | H54: 96470592 | I54: 23584151 | J54: 8254298.7 | K54: 5987697.4 | L54: 53690591 | M54: 3348373.7 | N54: 2719050 | O54: 2529667.8 | P54: 668074.71 | Q54: 1836496.1 | R54: 32147.682
C55: Connected | D55: 1.867802e+09 | E55: 1.464645e+08 | F55: 4.8819725e+08 | G55: 1005248.1 | H55: 97321832 | I55: 23812683 | J55: 8237376.5 | K55: 6044863.2 | L55: 53950005 | M55: 3367205.1 | N55: 2733808.8 | O55: 2538804.6 | P55: 675622.72 | Q55: 1868322.8 | R55: 33258.744
C56: Rural | D56: 1.9120012e+09 | E56: 1.4965291e+08 | F56: 4.9823366e+08 | G56: 546353.35 | H56: 99270605 | I56: 24437586 | J56: 8140803.9 | K56: 6213035.3 | L56: 54557342 | M56: 3425086.2 | N56: 2766643.4 | O56: 2605849.7 | P56: 687456.26 | Q56: 1897662.1 | R56: 42984.814

Sheet Stock_per_capita
B1: Population size
C2: High | D2: Low
B3: 2018 | C3: 17282000
B4: 2050 | C4: 20700000 | D4: 17900000
C6: UFA (m2) | D6: UFA/cap | E6: Stock (ton) | F6: Stock/cap
C7: m2 | D7: m2/cap | E7: ton | F7: ton/cap
B8: 2018 | C8: 1.4022714e+09 | D8: =C8/C3 -> 81.140574 | E8: =SUM(Stock_2050!D2:'Stock_2050'!R2) -> 2.6658927e+09 | F8: =E8/C3 -> 154.25834
A9: Baseline | B9: Urban | C9: 1.6648538e+09 | D9: =C9/C$4 -> 80.427718 | E9: =SUM(Stock_2050!D3:'Stock_2050'!R3) -> 2.9546923e+09 | F9: =E9/C$4 -> 142.73876
B10: Connected | C10: 1.6787362e+09 | D10: =C10/C$4 -> 81.098369 | E10: =SUM(Stock_2050!D4:'Stock_2050'!R4) -> 3.0321102e+09 | F10: =E10/C$4 -> 146.47876
B11: Rural | C11: 1.6978492e+09 | D11: =C11/C$4 -> 82.021699 | E11: =SUM(Stock_2050!D5:'Stock_2050'!R5) -> 3.1421804e+09 | F11: =E11/C$4 -> 151.79616
A12: Biobased | B12: Urban | E12: =SUM(Stock_2050!D21:'Stock_2050'!R21) -> 2.7074768e+09 | F12: =E12/C$4 -> 130.79598
B13: Connected | E13: =SUM(Stock_2050!D22:'Stock_2050'!R22) -> 2.7983912e+09 | F13: =E13/C$4 -> 135.18798
B14: Rural | E14: =SUM(Stock_2050!D23:'Stock_2050'!R23) -> 2.9148146e+09 | F14: =E14/C$4 -> 140.8123
A15: Rural | B15: Urban | E15: =SUM(Stock_2050!D39:'Stock_2050'!R39) -> 2.7335114e+09 | F15: =E15/C$4 -> 132.05369
B16: Connected | E16: =SUM(Stock_2050!D40:'Stock_2050'!R40) -> 2.8284748e+09 | F16: =E16/C$4 -> 136.64129
B17: Rural | E17: =SUM(Stock_2050!D41:'Stock_2050'!R41) -> 2.953501e+09 | F17: =E17/C$4 -> 142.68121
B19: Stock per capita | C19: Year | D19: Scale | E19: Region | F19: Study*
B20: t/cap
B21: 154 | C21: 2018 | D21: National | E21: Netherlands | F21: This study
B22: 131-152 | C22: 2050 | D22: National | E22: Netherlands | F22: This study
B23: 175 | C23: 2050 | D23: Urban | E23: Vienna, Austria | F23: Lederer et al., 2021
B24: 210 | C24: 2013 | D24: Urban | E24: Vienna, Austria | F24: Kleeman et al., 2017
B25: 209 | C25: 2007 | D25: Urban | E25: Padua, Italy | F25: Miatto et al., 2019
B26: 112 | C26: 2014 | D26: National | E26: Grenada | F26: Symmes et al., 2020
B27: 160 | C27: 2018 | D27: Urban | E27: Waterloo, Canada | F27: Mollaei et al., 2021
A29: * | B29: Kleemann, F., Lederer, J., Rechberger, H., & Fellner, J. (2017). GIS-based Analysis of Vienna’s Material Stock in Buildings: GIS-based Analysis of Material Stock in Buildings. Journal of Industrial Ecology, 21(2), 368–380. https://doi.org/10.1111/jiec.12446
B30: Lederer, J., Gassner, A., Fellner, J., Mollay, U., & Schremmer, C. (2021). Raw materials consumption and demolition waste generation of the urban building sector 2016–2050: A scenario-based material flow analysis of Vienna. Journal of Cleaner Production, 288, 125566. https://doi.org/10.1016/j.jclepro.2020.125566
B31: Miatto, A., Schandl, H., Forlin, L., Ronzani, F., Borin, P., Giordano, A., & Tanikawa, H. (2019). A spatial analysis of material stock accumulation and demolition waste potential of buildings: A case study of Padua. Resources, Conservation and Recycling, 142, 245–256. https://doi.org/10.1016/j.resconrec.2018.12.011
B32: Mollaei, A., Ibrahim, N., & Habib, K. (2021). Estimating the construction material stocks in two Canadian cities: A case study of Kitchener and Waterloo. Journal of Cleaner Production, 280, 124501. https://doi.org/10.1016/j.jclepro.2020.124501
B33: Symmes, R., Fishman, T., Telesford, J. N., Singh, S. J., Tan, S., & De Kroon, K. (2020). The weight of islands: Leveraging Grenada’s material stocks to adapt to climate change. Journal of Industrial Ecology, 24(2), 369–382. https://doi.org/10.1111/jiec.12853

Sheet Demand_outflow_recycled
A1: WLO High + Urban (tonne) | B1: MI | C1: Demand | D1: =Demand!E1 -> Concrete | E1: Clay brick | F1: Other construction materials | G1: Steel & iron | H1: Stone wool | I1: Glass wool | J1: EPS | K1: XPS | L1: PUR | M1: Wood fibre insulation | N1: Ceramics | O1: Glass | P1: Glass glasswool | Q1: Wood beam | R1: Wood board | S1: Wood CLT | T1: Other | U1: Plastics | V1: Aluminum | W1: Copper | X1: Other metals | Y1: Other biobased materials
B2: Conventional | C2: Demand | D2: =Demand!E2 -> 3.6681398e+08 | E2: =Demand!F2 -> 51212318 | F2: =Demand!G2 -> 35650261 | G2: =Demand!H2 -> 8309761.2 | H2: =Demand!J2 -> 1096494.7 | I2: =Demand!K2 -> 1844104.6 | J2: =Demand!L2 -> 1345698 | K2: =Demand!M2 -> 299044 | L2: =Demand!N2 -> 398725.33 | M2: =Demand!O2 -> 0 | N2: =Demand!P2 -> 2974185.6 | O2: =Demand!Q2 -> 2331258.5 | P2: 0 | Q2: =Demand!S2 -> 14337820 | R2: =Demand!T2 -> 3147326.3 | S2: =Demand!U2 -> 0 | T2: =Demand!V2 -> 927122.11 | U2: =Demand!W2 -> 838200.17 | V2: =Demand!X2 -> 513572.42 | W2: =Demand!Y2 -> 142195.35 | X2: =Demand!Z2 -> 49651.048 | Y2: =Demand!AA2 -> 101327.11
C3: Outflow | D3: =Demolition!C2 -> 1.4115454e+08 | E3: =Demolition!D2 -> 10141070 | F3: =Demolition!E2 -> 38985621 | G3: =Demolition!F2 -> 6707692.7 | H3: =Demolition!H2 -> 334729.61 | I3: =Demolition!I2 -> 547739.36 | J3: =Demolition!J2 -> 410804.52 | K3: =Demolition!K2 -> 91289.893 | L3: =Demolition!L2 -> 121719.86 | M3: =Demolition!M2 -> 15214.982 | N3: =Demolition!N2 -> 523972.78 | O3: =Demolition!O2 -> 496943.11 | P3: 0 | Q3: =Demolition!Q2 -> 2575038 | R3: =Demolition!R2 -> 565252.25 | S3: 0 | T3: =Demolition!S2 -> 273957.8 | U3: =Demolition!T2 -> 178343.76 | V3: =Demolition!U2 -> 217648.67 | W3: =Demolition!V2 -> 46254.97 | X3: =Demolition!W2 -> 145576.03 | Y3: =Demolition!X2 -> 0
C4: Secondary | D4: =BAU_RR!F2 -> 40229044 | E4: =BAU_RR!G2 -> 101410.7 | F4: =BAU_RR!H2 -> 11110902 | G4: =BAU_RR!I2 -> 6036923.4 | H4: =BAU_RR!J2 -> 5690.4033 | I4: =BAU_RR!K2 -> 13145.745 | J4: =BAU_RR!L2 -> 2054.0226 | K4: =BAU_RR!M2 -> 0 | ... P4: =BAU_RR!R2 -> 203001.26 | Q4: =BAU_RR!T2 -> 611571.53 | R4: =BAU_RR!U2 -> 429591.71 | S4: 0 | T4: =BAU_RR!V2 -> 0 | U4: =BAU_RR!W2 -> 44585.94 | V4: =BAU_RR!X2 -> 195883.8 | W4: =BAU_RR!Y2 -> 37003.976 | X4: =BAU_RR!Z2 -> 49651.048 | Y4: =BAU_RR!AA2 -> 0
B5: Biobased | C5: Demand | D5: =Demand!E20 -> 1.2080998e+08 | E5: =Demand!F20 -> 13721915 | F5: =Demand!G20 -> 36173561 | G5: =Demand!H20 -> 4596201 | H5: =Demand!J20 -> 809830.03 | I5: =Demand!K20 -> 1361986.9 | J5: 0 | K5: =Demand!M20 -> 0 | L5: =Demand!N20 -> 0 | M5: =Demand!O20 -> 1509228.7 | N5: =Demand!P20 -> 2974185.6 | O5: =Demand!Q20 -> 2331258.5 | P5: 0 | Q5: =Demand!S20 -> 25298693 | R5: =Demand!T20 -> 5553371.6 | S5: =Demand!U20 -> 26955814 | T5: =Demand!V20 -> 1254830.1 | U5: =Demand!W20 -> 855982.59 | V5: =Demand!X20 -> 342985.32 | W5: =Demand!Y20 -> 142195.35 | X5: =Demand!Z20 -> 45105.89 | Y5: =Demand!AA20 -> 380362.19
C6: Outflow | D6: =Demolition!C2 -> 1.4115454e+08 | E6: =Demolition!D2 -> 10141070 | F6: =Demolition!E2 -> 38985621 | G6: =Demolition!F2 -> 6707692.7 | H6: =Demolition!H2 -> 334729.61 | I6: =Demolition!I2 -> 547739.36 | J6: =Demolition!J2 -> 410804.52 | K6: =Demolition!K2 -> 91289.893 | L6: =Demolition!L2 -> 121719.86 | M6: =Demolition!M2 -> 15214.982 | N6: =Demolition!N2 -> 523972.78 | O6: =Demolition!O2 -> 496943.11 | P6: 0 | Q6: =Demolition!Q2 -> 2575038 | R6: =Demolition!R2 -> 565252.25 | S6: 0 | T6: =Demolition!S2 -> 273957.8 | U6: =Demolition!T2 -> 178343.76 | V6: =Demolition!U2 -> 217648.67 | W6: =Demolition!V2 -> 46254.97 | X6: =Demolition!W2 -> 145576.03 | Y6: =Demolition!X2 -> 0
C7: Secondary | D7: =BAU_RR!F20 -> 40229044 | E7: =BAU_RR!G20 -> 101410.7 | F7: =BAU_RR!H20 -> 11110902 | G7: =BAU_RR!I20 -> 4596201 | H7: =BAU_RR!J20 -> 5690.4033 | I7: =BAU_RR!K20 -> 13145.745 | J7: 0 | K7: =BAU_RR!M20 -> 0 | L7: =BAU_RR!N20 -> 0 | M7: =BAU_RR!O20 -> 76.074911 | N7: =BAU_RR!P20 -> 5239.7278 | O7: =BAU_RR!Q20 -> 34463.004 | P7: =BAU_RR!R20 -> 203001.26 | Q7: =BAU_RR!T20 -> 611571.53 | R7: =BAU_RR!U20 -> 429591.71 | S7: 0 | T7: =BAU_RR!V20 -> 0 | U7: =BAU_RR!W20 -> 44585.94 | V7: =BAU_RR!X20 -> 195883.8 | W7: =BAU_RR!Y20 -> 37003.976 | X7: =BAU_RR!Z20 -> 45105.89 | Y7: =BAU_RR!AA20 -> 0
B8: Circular | C8: Demand | D8: =Demand!E38 -> 1.7361503e+08 | E8: =Demand!F38 -> 24470691 | F8: =Demand!G38 -> 30953691 | G8: =Demand!H38 -> 6965872.6 | H8: =Demand!J38 -> 728619.26 | I8: =Demand!K38 -> 1225405.1 | J8: 0 | K8: =Demand!M38 -> 0 | L8: =Demand!N38 -> 264952.46 | M8: =Demand!O38 -> 1092928.9 | N8: =Demand!P38 -> 2974185.6 | O8: =Demand!Q38 -> 2331258.5 | P8: 0 | Q8: =Demand!S38 -> 19740105 | R8: =Demand!T38 -> 4333193.7 | S8: 0 | T8: =Demand!V38 -> 903266.78 | U8: =Demand!W38 -> 919257.86 | V8: =Demand!X38 -> 340545.81 | W8: =Demand!Y38 -> 142195.35 | X8: =Demand!Z38 -> 49533.206 | Y8: =Demand!AA38 -> 101327.11
C9: Outflow | D9: =Demolition!C2 -> 1.4115454e+08 | E9: =Demolition!D2 -> 10141070 | F9: =Demolition!E2 -> 38985621 | G9: =Demolition!F2 -> 6707692.7 | H9: =Demolition!H2 -> 334729.61 | I9: =Demolition!I2 -> 547739.36 | J9: =Demolition!J2 -> 410804.52 | K9: =Demolition!K2 -> 91289.893 | L9: =Demolition!L2 -> 121719.86 | M9: =Demolition!M2 -> 15214.982 | N9: =Demolition!N2 -> 523972.78 | O9: =Demolition!O2 -> 496943.11 | P9: 0 | Q9: =Demolition!Q2 -> 2575038 | R9: =Demolition!R2 -> 565252.25 | S9: 0 | T9: =Demolition!S2 -> 273957.8 | U9: =Demolition!T2 -> 178343.76 | V9: =Demolition!U2 -> 217648.67 | W9: =Demolition!V2 -> 46254.97 | X9: =Demolition!W2 -> 145576.03 | Y9: =Demolition!X2 -> 0
C10: Secondary | D10: =BAU_RR!F38 -> 40229044 | E10: =BAU_RR!G38 -> 101410.7 | F10: =BAU_RR!H38 -> 11110902 | G10: =BAU_RR!I38 -> 6036923.4 | H10: =BAU_RR!J38 -> 5690.4033 | I10: =BAU_RR!K38 -> 13145.745 | J10: 0 | K10: =BAU_RR!M38 -> 0 | L10: =BAU_RR!N38 -> 0 | M10: =BAU_RR!O38 -> 76.074911 | N10: =BAU_RR!P38 -> 5239.7278 | O10: =BAU_RR!Q38 -> 34463.004 | P10: =BAU_RR!R38 -> 203001.26 | Q10: =BAU_RR!T38 -> 611571.53 | R10: =BAU_RR!U38 -> 429591.71 | S10: 0 | T10: =BAU_RR!V38 -> 0 | U10: =BAU_RR!W38 -> 44585.94 | V10: =BAU_RR!X38 -> 195883.8 | W10: =BAU_RR!Y38 -> 37003.976 | X10: =BAU_RR!Z38 -> 49533.206 | Y10: =BAU_RR!AA38 -> 0
B12: Aggregated
A14: BAU | B14: MI | C14: Demand | D14: Concrete | E14: Other construction materials | F14: Clay brick | G14: Steel & iron | H14: Copper | I14: Aluminum | J14: Other metals | K14: Wood | L14: Glass | M14: Ceramics | N14: Plastics | O14: Insulation | P14: Other | Q14: Other biobased materials | T14: % of demand | U14: % of O
B15: Conventional | C15: Demand | D15: =D2 -> 3.6681398e+08 | E15: =F2 -> 35650261 | F15: =E2 -> 51212318 | G15: =G2 -> 8309761.2 | H15: =W2 -> 142195.35 | I15: =V2 -> 513572.42 | J15: =X2 -> 49651.048 | K15: =Q2+R2 -> 17485146 | L15: =O2 -> 2331258.5 | M15: =N2 -> 2974185.6 | N15: =U2 -> 838200.17 | O15: =SUM(H2:M2) -> 4984066.6 | P15: =T2 -> 927122.11 | Q15: =Y2 -> 101327.11
C16: Outflow | D16: =D3 -> 1.4115454e+08 | E16: =F3 -> 38985621 | F16: =E3 -> 10141070 | G16: =G3 -> 6707692.7 | H16: =W3 -> 46254.97 | I16: =V3 -> 217648.67 | J16: =X3 -> 145576.03 | K16: =Q3+R3 -> 3140290.3 | L16: =O3 -> 496943.11 | M16: =N3 -> 523972.78 | N16: =U3 -> 178343.76 | O16: =SUM(H3:M3) -> 1521498.2 | P16: =T3 -> 273957.8 | Q16: =Y3 -> 0 | R16: O | S16: =SUM(D16:Q16) -> 2.0353341e+08 | T16: =SUM(D16:Q16)/SUM(D15:Q15) -> 0.41340595
C17: Secondary | D17: =D4 -> 40229044 | E17: =F4 -> 11110902 | F17: =E4 -> 101410.7 | G17: =G4 -> 6036923.4 | H17: =W4 -> 37003.976 | I17: =V4 -> 195883.8 | J17: =X4 -> 49651.048 | K17: =Q4+R4 -> 1041163.2 | L17: =O4 -> 34463.004 | M17: =N4 -> 5239.7278 | N17: =U4 -> 44585.94 | O17: =SUM(H4:M4)+P4 -> 223891.43 | P17: =T4 -> 0 | Q17: =Y4 -> 0 | R17: RC | S17: =SUM(D17:Q17) -> 59110163 | T17: =SUM(D17:Q17)/SUM(D15:Q15) -> 0.12006133 | U17: =SUM(D17:Q17)/SUM(D16:Q16) -> 0.29041995
B18: Biobased | C18: Demand | D18: =D5 -> 1.2080998e+08 | E18: =F5 -> 36173561 | F18: =E5 -> 13721915 | G18: =G5 -> 4596201 | H18: =W5 -> 142195.35 | I18: =V5 -> 342985.32 | J18: =X5 -> 45105.89 | K18: =Q5+R5+S5 -> 57807878 | L18: =O5 -> 2331258.5 | M18: =N5 -> 2974185.6 | N18: =U5 -> 855982.59 | O18: =SUM(H5:M5) -> 3681045.6 | P18: =T5 -> 1254830.1 | Q18: =Y5 -> 380362.19
C19: Outflow | D19: =D6 -> 1.4115454e+08 | E19: =F6 -> 38985621 | F19: =E6 -> 10141070 | G19: =G6 -> 6707692.7 | H19: =W6 -> 46254.97 | I19: =V6 -> 217648.67 | J19: =X6 -> 145576.03 | K19: =Q6+R6 -> 3140290.3 | L19: =O6 -> 496943.11 | M19: =N6 -> 523972.78 | N19: =U6 -> 178343.76 | O19: =SUM(H6:M6) -> 1521498.2 | P19: =T6 -> 273957.8 | Q19: =Y6 -> 0 | R19: O | S19: =SUM(D19:Q19) -> 2.0353341e+08 | T19: =SUM(D19:Q19)/SUM(D18:Q18) -> 0.83035042
C20: Secondary | D20: =D7 -> 40229044 | E20: =F7 -> 11110902 | F20: =E7 -> 101410.7 | G20: =G7 -> 4596201 | H20: =W7 -> 37003.976 | I20: =V7 -> 195883.8 | J20: =X7 -> 45105.89 | K20: =Q7+R7 -> 1041163.2 | L20: =O7 -> 34463.004 | M20: =N7 -> 5239.7278 | N20: =U7 -> 44585.94 | O20: =SUM(H7:M7)+P7 -> 221913.48 | P20: =T7 -> 0 | Q20: =Y7 -> 0 | R20: RC | S20: =SUM(D20:Q20) -> 57662917 | T20: =SUM(D20:Q20)/SUM(D18:Q18) -> 0.23524603 | U20: =SUM(D20:Q20)/SUM(D19:Q19) -> 0.28330934
B21: Circular | C21: Demand | D21: =D8 -> 1.7361503e+08 | E21: =F8 -> 30953691 | F21: =E8 -> 24470691 | G21: =G8 -> 6965872.6 | H21: =W8 -> 142195.35 | I21: =V8 -> 340545.81 | J21: =X8 -> 49533.206 | K21: =Q8+R8 -> 24073299 | L21: =O8 -> 2331258.5 | M21: =N8 -> 2974185.6 | N21: =U8 -> 919257.86 | O21: =SUM(H8:M8) -> 3311905.7 | P21: =T8 -> 903266.78 | Q21: =Y8 -> 101327.11
C22: Outflow | D22: =D9 -> 1.4115454e+08 | E22: =F9 -> 38985621 | F22: =E9 -> 10141070 | G22: =G9 -> 6707692.7 | H22: =W9 -> 46254.97 | I22: =V9 -> 217648.67 | J22: =X9 -> 145576.03 | K22: =Q9+R9 -> 3140290.3 | L22: =O9 -> 496943.11 | M22: =N9 -> 523972.78 | N22: =U9 -> 178343.76 | O22: =SUM(H9:M9) -> 1521498.2 | P22: =T9 -> 273957.8 | Q22: =Y9 -> 0 | R22: O | S22: =SUM(D22:Q22) -> 2.0353341e+08 | T22: =SUM(D22:Q22)/SUM(D21:Q21) -> 0.75062462
C23: Secondary | D23: =D10 -> 40229044 | E23: =F10 -> 11110902 | F23: =E10 -> 101410.7 | G23: =G10 -> 6036923.4 | H23: =W10 -> 37003.976 | I23: =V10 -> 195883.8 | J23: =X10 -> 49533.206 | K23: =Q10+R10 -> 1041163.2 | L23: =O10 -> 34463.004 | M23: =N10 -> 5239.7278 | N23: =U10 -> 44585.94 | O23: =SUM(H10:M10)+P10 -> 221913.48 | P23: =T10 -> 0 | Q23: =Y10 -> 0 | R23: RC | S23: =SUM(D23:Q23) -> 59108067 | T23: =SUM(D23:Q23)/SUM(D21:Q21) -> 0.21798863 | U23: =SUM(D23:Q23)/SUM(D22:Q22) -> 0.29040965
V24: Sensitivity
A25: High RR | B25: MI | C25: Demand | D25: Concrete | E25: Other construction materials | F25: Clay brick | G25: Steel & iron | H25: Copper | I25: Aluminum | J25: Other metals | K25: Wood | L25: Glass | M25: Ceramics | N25: Plastics | O25: Insulation | P25: Other | Q25: Other biobased materials | T25: % of demand | U25: % of O | V25: BAU | W25: 100%RR
B26: =B15 -> Conventional | C26: =C15 -> Demand | D26: =D15 -> 3.6681398e+08 | E26: =E15 -> 35650261 | F26: =F15 -> 51212318 | G26: =G15 -> 8309761.2 | H26: =H15 -> 142195.35 | I26: =I15 -> 513572.42 | ... Q26: =Q15 -> 101327.11 | R26: =SUM(D26:Q26) -> 4.9233305e+08
C27: =C16 -> Outflow | D27: =D16 -> 1.4115454e+08 | E27: =E16 -> 38985621 | F27: =F16 -> 10141070 | G27: =G16 -> 6707692.7 | H27: =H16 -> 46254.97 | I27: =I16 -> 217648.67 | J27: =J16 -> 145576.03 | ... Q27: =Q16 -> 0 | S27: =SUM(D27:Q27) -> 2.0353341e+08 | T27: =SUM(D27:Q27)/SUM(D26:Q26) -> 0.41340595
C28: =C17 -> Secondary | D28: =Current_best_RR!F2 -> 63590121 | E28: =Current_best_RR!H2 -> 13190597 | F28: =Current_best_RR!G2 -> 9634016.1 | G28: =Current_best_RR!I2 -> 6372308 | H28: =Current_best_RR!Y2 -> 43942.221 | I28: =Current_best_RR!X2 -> 206766.24 | J28: =Current_best_RR!Z2 -> 49651.048 | K28: =Current_best_RR!T2+Current_best_RR!U2 -> 2983275.8 | L28: =Current_best_RR!Q2 -> 472095.95 | M28: =Current_best_RR!P2 -> 497774.14 | N28: =Current_best_RR!W2 -> 160509.38 | O28: =SUM(Current_best_RR!J2:'Current_best_RR'!O2)+Current_best_RR!R2 -> 757150.31 | P28: =Current_best_RR!V2 -> 0 | Q28: =Current_best_RR!AA2 -> 0 | S28: =SUM(D28:Q28) -> 97958207 | T28: =SUM(D28:Q28)/SUM(D26:Q26) -> 0.19896736 | U28: =SUM(D28:Q28)/SUM(D27:Q27) -> 0.48128809 | V28: =S28-S17 -> 38848044 | W28: =S39-S28 -> 73499382
B29: =B18 -> Biobased | C29: =C18 -> Demand | D29: =D18 -> 1.2080998e+08 | E29: =E18 -> 36173561 | F29: =F18 -> 13721915 | G29: =G18 -> 4596201 | H29: =H18 -> 142195.35 | I29: =I18 -> 342985.32 | ... Q29: =Q18 -> 380362.19 | R29: =SUM(D29:Q29) -> 2.4511749e+08
C30: =C19 -> Outflow | D30: =D19 -> 1.4115454e+08 | E30: =E19 -> 38985621 | F30: =F19 -> 10141070 | G30: =G19 -> 6707692.7 | H30: =H19 -> 46254.97 | I30: =I19 -> 217648.67 | J30: =J19 -> 145576.03 | ... Q30: =Q19 -> 0 | S30: =SUM(D30:Q30) -> 2.0353341e+08 | T30: =SUM(D30:Q30)/SUM(D29:Q29) -> 0.83035042
C31: =C20 -> Secondary | D31: =Current_best_RR!F20 -> 44699694 | E31: =Current_best_RR!H20 -> 13384217 | F31: =Current_best_RR!G20 -> 3430478.8 | G31: =Current_best_RR!I20 -> 4596201 | H31: =Current_best_RR!Y20 -> 43942.221 | I31: =Current_best_RR!X20 -> 206766.24 | J31: =Current_best_RR!Z20 -> 45105.89 | K31: =Current_best_RR!U20+Current_best_RR!T20 -> 2983275.8 | L31: =Current_best_RR!Q20 -> 472095.95 | M31: =Current_best_RR!P20 -> 497774.14 | N31: =Current_best_RR!W20 -> 160509.38 | O31: =SUM(Current_best_RR!J20:'Current_best_RR'!O20)+Current_best_RR!R20 -> 831879.15 | P31: =Current_best_RR!V20 -> 0 | Q31: =Current_best_RR!AA20 -> 0 | S31: =SUM(D31:Q31) -> 71351940 | T31: =SUM(D31:Q31)/SUM(D29:Q29) -> 0.29109281 | U31: =SUM(D31:Q31)/SUM(D30:Q30) -> 0.35056623 | V31: =S31-S20 -> 13689023 | W31: =S42-S31 -> 639624.27
B32: =B21 -> Circular | C32: =C21 -> Demand | D32: =D21 -> 1.7361503e+08 | E32: =E21 -> 30953691 | F32: =F21 -> 24470691 | G32: =G21 -> 6965872.6 | H32: =H21 -> 142195.35 | I32: =I21 -> 340545.81 | ... Q32: =Q21 -> 101327.11 | R32: =SUM(D32:Q32) -> 2.7115206e+08
C33: =C22 -> Outflow | D33: =D22 -> 1.4115454e+08 | E33: =E22 -> 38985621 | F33: =F22 -> 10141070 | G33: =G22 -> 6707692.7 | H33: =H22 -> 46254.97 | I33: =I22 -> 217648.67 | J33: =J22 -> 145576.03 | ... Q33: =Q22 -> 0 | S33: =SUM(D33:Q33) -> 2.0353341e+08 | T33: =SUM(D33:Q33)/SUM(D32:Q32) -> 0.75062462
C34: =C23 -> Secondary | D34: =Current_best_RR!F38 -> 63590121 | E34: =Current_best_RR!H38 -> 11452865 | F34: =Current_best_RR!G38 -> 6117672.8 | G34: =Current_best_RR!I38 -> 6372308 | H34: =Current_best_RR!Y38 -> 43942.221 | I34: =Current_best_RR!X38 -> 206766.24 | J34: =Current_best_RR!Z38 -> 49533.206 | K34: =Current_best_RR!U38+Current_best_RR!T38 -> 2983275.8 | L34: =Current_best_RR!Q38 -> 472095.95 | M34: =Current_best_RR!P38 -> 497774.14 | N34: =Current_best_RR!W38 -> 160509.38 | O34: =SUM(Current_best_RR!J38:'Current_best_RR'!O38)+Current_best_RR!R38 -> 831879.15 | P34: =Current_best_RR!V38 -> 0 | Q34: =Current_best_RR!AA38 -> 0 | S34: =SUM(D34:Q34) -> 92778744 | T34: =SUM(D34:Q34)/SUM(D32:Q32) -> 0.342165 | U34: =SUM(D34:Q34)/SUM(D33:Q33) -> 0.45584036 | V34: =S34-S23 -> 33670677 | W34: =S45-S34 -> 1622449.2
A36: Max RR | B36: MI | C36: Demand | D36: Concrete | E36: Other construction materials | F36: Clay brick | G36: Steel & iron | H36: Copper | I36: Aluminum | J36: Other metals | K36: Wood | L36: Glass | M36: Ceramics | N36: Plastics | O36: Insulation | P36: Other | Q36: Other biobased materials | T36: % of demand | U36: % of O
B37: Conventional | C37: Demand | D37: 3.6681398e+08 | E37: 35650261 | F37: 51212318 | G37: 8309761.2 | H37: 142195.35 | I37: 513572.42 | J37: 49651.048 | K37: 17485146 | L37: 2331258.5 | M37: 2974185.6 | N37: 838200.17 | O37: 4984066.6 | P37: 927122.11 | Q37: 101327.11
C38: Outflow | D38: 1.4115454e+08 | E38: 38985621 | F38: 10141070 | G38: 6707692.7 | H38: 46254.97 | I38: 217648.67 | J38: 145576.03 | K38: 3140290.3 | L38: 496943.11 | M38: 523972.78 | N38: 178343.76 | O38: 1521498.2 | P38: 273957.8 | Q38: 0 | S38: =SUM(D38:Q38) -> 2.0353341e+08 | T38: =SUM(D38:Q38)/SUM(D37:Q37) -> 0.41340595
C39: Secondary | D39: =Max_RR!F2 -> 1.3572117e+08 | E39: =Max_RR!H2 -> 13190597 | F39: =Max_RR!G2 -> 10141070 | G39: =Max_RR!J2 -> 6707692.7 | H39: =Max_RR!Z2 -> 46254.97 | I39: =Max_RR!Y2 -> 217648.67 | J39: =Max_RR!AA2 -> 49651.048 | K39: =Max_RR!U2+Max_RR!V2 -> 3140290.3 | L39: =Max_RR!R2 -> 496943.11 | M39: =Max_RR!Q2 -> 523972.78 | N39: =Max_RR!X2 -> 178343.76 | O39: =SUM(Max_RR!K2:'Max_RR'!P2)+Max_RR!S2 -> 1043952.7 | P39: =Max_RR!W2 -> 0 | Q39: =Max_RR!AB2 -> 0 | S39: =SUM(D39:Q39) -> 1.7145759e+08 | T39: =SUM(D39:Q39)/SUM(D37:Q37) -> 0.34825529 | U39: =SUM(D39:Q39)/SUM(D38:Q38) -> 0.84240513
B40: Biobased | C40: Demand | D40: 1.2080998e+08 | E40: 36173561 | F40: 13721915 | G40: 4596201 | H40: 142195.35 | I40: 342985.32 | J40: 45105.89 | K40: 57807878 | L40: 2331258.5 | M40: 2974185.6 | N40: 855982.59 | O40: 3681045.6 | P40: 1254830.1 | Q40: 380362.19
C41: Outflow | D41: 1.4115454e+08 | E41: 38985621 | F41: 10141070 | G41: 6707692.7 | H41: 46254.97 | I41: 217648.67 | J41: 145576.03 | K41: 3140290.3 | L41: 496943.11 | M41: 523972.78 | N41: 178343.76 | O41: 1521498.2 | P41: 273957.8 | Q41: 0 | S41: =SUM(D41:Q41) -> 2.0353341e+08 | T41: =SUM(D41:Q41)/SUM(D40:Q40) -> 0.83035042
C42: Secondary | D42: =Max_RR!F20 -> 44699694 | E42: =Max_RR!H20 -> 13384217 | F42: =Max_RR!G20 -> 3430478.8 | G42: =Max_RR!J20 -> 4596201 | H42: =Max_RR!Z20 -> 46254.97 | I42: =Max_RR!Y20 -> 217648.67 | J42: =Max_RR!AA20 -> 45105.89 | K42: =Max_RR!U20+Max_RR!V20 -> 3140290.3 | L42: =Max_RR!R20 -> 496943.11 | M42: =Max_RR!Q20 -> 523972.78 | N42: =Max_RR!X20 -> 178343.76 | O42: =SUM(Max_RR!K20:'Max_RR'!P20)+Max_RR!S20 -> 1232413.6 | P42: =Max_RR!W20 -> 0 | Q42: =Max_RR!AB20 -> 0 | S42: =SUM(D42:Q42) -> 71991565 | T42: =SUM(D42:Q42)/SUM(D40:Q40) -> 0.29370227 | U42: =SUM(D42:Q42)/SUM(D41:Q41) -> 0.35370883
B43: Circular | C43: Demand | D43: 1.7361503e+08 | E43: 30953691 | F43: 24470691 | G43: 6965872.6 | H43: 142195.35 | I43: 340545.81 | J43: 49533.206 | K43: 24073299 | L43: 2331258.5 | M43: 2974185.6 | N43: 919257.86 | O43: 3311905.7 | P43: 903266.78 | Q43: 101327.11
C44: Outflow | D44: 1.4115454e+08 | E44: 38985621 | F44: 10141070 | G44: 6707692.7 | H44: 46254.97 | I44: 217648.67 | J44: 145576.03 | K44: 3140290.3 | L44: 496943.11 | M44: 523972.78 | N44: 178343.76 | O44: 1521498.2 | P44: 273957.8 | Q44: 0 | S44: =SUM(D44:Q44) -> 2.0353341e+08 | T44: =SUM(D44:Q44)/SUM(D43:Q43) -> 0.75062462
C45: Secondary | D45: =Max_RR!F38 -> 64237561 | E45: =Max_RR!H38 -> 11452865 | F45: =Max_RR!G38 -> 6117672.8 | G45: =Max_RR!J38 -> 6707692.7 | H45: =Max_RR!Z38 -> 46254.97 | I45: =Max_RR!Y38 -> 217648.67 | J45: =Max_RR!AA38 -> 49533.206 | K45: =Max_RR!U38+Max_RR!V38 -> 3140290.3 | L45: =Max_RR!R38 -> 496943.11 | M45: =Max_RR!Q38 -> 523972.78 | N45: =Max_RR!X38 -> 178343.76 | O45: =SUM(Max_RR!K38:'Max_RR'!P38)+Max_RR!S38 -> 1232413.6 | P45: =Max_RR!W38 -> 0 | Q45: =Max_RR!AB38 -> 0 | S45: =SUM(D45:Q45) -> 94401193 | T45: =SUM(D45:Q45)/SUM(D43:Q43) -> 0.34814854 | U45: =SUM(D45:Q45)/SUM(D44:Q44) -> 0.46381178

Sheet Demand_outflow_urbanization
A1: WLO High + Baseline (tonne) | B1: Urbanization | C1: Flow | D1: =Demand!E1 -> Concrete | E1: =Demand!F1 -> Clay brick | F1: =Demand!G1 -> Other construction materials | G1: =Demand!H1 -> Steel & iron | H1: =Demand!I1 -> Insulation | I1: =Demand!J1 -> Stone wool | J1: =Demand!K1 -> Glass wool | K1: =Demand!L1 -> EPS | ... Z1: =Demand!AA1 -> Other biobased materials
B2: Urban | C2: Demand | D2: =Demand!E2 -> 3.6681398e+08 | E2: =Demand!F2 -> 51212318 | F2: =Demand!G2 -> 35650261 | G2: =Demand!H2 -> 8309761.2 | H2: =Demand!I2 -> 4984066.6 | I2: =Demand!J2 -> 1096494.7 | J2: =Demand!K2 -> 1844104.6 | K2: =Demand!L2 -> 1345698 | ... Z2: =Demand!AA2 -> 101327.11
B3: Connected | C3: Demand | D3: =Demand!E3 -> 3.5385726e+08 | E3: =Demand!F3 -> 46439002 | F3: =Demand!G3 -> 36001698 | G3: =Demand!H3 -> 8075378.7 | H3: =Demand!I3 -> 5371159.3 | I3: =Demand!J3 -> 1181655 | J3: =Demand!K3 -> 1987328.9 | K3: =Demand!L3 -> 1450213 | ... Z3: =Demand!AA3 -> 109333.68
B4: Rural | C4: Demand | D4: =Demand!E4 -> 3.5603698e+08 | E4: =Demand!F4 -> 43079344 | F4: =Demand!G4 -> 39124790 | G4: =Demand!H4 -> 8061795.3 | H4: =Demand!I4 -> 6425922.3 | I4: =Demand!J4 -> 1413702.9 | J4: =Demand!K4 -> 2377591.3 | K4: =Demand!L4 -> 1734999 | ... Z4: =Demand!AA4 -> 131027.97
B6: Urban | C6: Outflow | D6: =Demolition!C2 -> 1.4115454e+08 | E6: =Demolition!D2 -> 10141070 | F6: =Demolition!E2 -> 38985621 | G6: =Demolition!F2 -> 6707692.7 | H6: =Demolition!G2 -> 1521498.2 | I6: =Demolition!H2 -> 334729.61 | J6: =Demolition!I2 -> 547739.36 | K6: =Demolition!J2 -> 410804.52 | ... S6: =Demolition!R2 -> 565252.25 | U6: =Demolition!S2 -> 273957.8 | V6: =Demolition!T2 -> 178343.76 | W6: =Demolition!U2 -> 217648.67 | X6: =Demolition!V2 -> 46254.97 | Y6: =Demolition!W2 -> 145576.03 | Z6: =Demolition!X2 -> 0
B7: Connected | C7: Outflow | D7: =Demolition!C3 -> 78234071 | E7: =Demolition!D3 -> 4830213.7 | F7: =Demolition!E3 -> 17398346 | G7: =Demolition!F3 -> 4224987 | H7: =Demolition!G3 -> 912953.02 | I7: =Demolition!H3 -> 200849.67 | J7: =Demolition!I3 -> 328663.09 | K7: =Demolition!J3 -> 246497.32 | ... S7: =Demolition!R3 -> 273083.42 | U7: =Demolition!S3 -> 163273.63 | V7: =Demolition!T3 -> 100822.36 | W7: =Demolition!U3 -> 176143.03 | X7: =Demolition!V3 -> 22187.756 | Y7: =Demolition!W3 -> 61021.232 | Z7: =Demolition!X3 -> 0
B8: Rural | C8: Outflow | D8: =Demolition!C4 -> 1605136.9 | E8: =Demolition!D4 -> 107367.2 | F8: =Demolition!E4 -> 261865.83 | G8: =Demolition!F4 -> 121420.98 | H8: =Demolition!G4 -> 29831.178 | I8: =Demolition!H4 -> 6562.8592 | J8: =Demolition!I4 -> 10739.224 | K8: =Demolition!J4 -> 8054.4181 | ... S8: =Demolition!R4 -> 7927.5088 | U8: =Demolition!S4 -> 1746.7561 | V8: =Demolition!T4 -> 2996.57 | W8: =Demolition!U4 -> 1683.9019 | X8: =Demolition!V4 -> 580.90059 | Y8: =Demolition!W4 -> 1144.3752 | Z8: =Demolition!X4 -> 0
B11: MI | C11: Flow | D11: Concrete | E11: Other construction materials | F11: Clay brick | G11: Steel & iron | H11: Copper | I11: Aluminum | J11: Other metals | K11: Wood | L11: Glass | M11: Ceramics | N11: Plastics | O11: Insulation | P11: Other | Q11: Other biobased materials
B12: Urban | C12: Inflow | D12: =D2 -> 3.6681398e+08 | E12: =F2 -> 35650261 | F12: =E2 -> 51212318 | G12: =G2 -> 8309761.2 | H12: =X2 -> 142195.35 | I12: =W2 -> 513572.42 | J12: =Y2 -> 49651.048 | K12: =Q2 -> 17485146 | L12: =P2 -> 2331258.5 | M12: =O2 -> 2974185.6 | N12: =V2 -> 838200.17 | O12: =H2 -> 4984066.6 | P12: =U2 -> 927122.11 | Q12: =Z2 -> 101327.11
C13: Outflow | D13: =D6 -> 1.4115454e+08 | E13: =F6 -> 38985621 | F13: =E6 -> 10141070 | G13: =G6 -> 6707692.7 | H13: =X6 -> 46254.97 | I13: =W6 -> 217648.67 | J13: =Y6 -> 145576.03 | K13: =Q6 -> 3140290.3 | L13: =P6 -> 496943.11 | M13: =O6 -> 523972.78 | N13: =V6 -> 178343.76 | O13: =H6 -> 1521498.2 | P13: =U6 -> 273957.8 | Q13: 0
B14: Connected | C14: Inflow | D14: =D3 -> 3.5385726e+08 | E14: =F3 -> 36001698 | F14: =E3 -> 46439002 | G14: =G3 -> 8075378.7 | H14: =X3 -> 137986.18 | I14: =W3 -> 483114.95 | J14: =Y3 -> 46795.464 | K14: =Q3 -> 17434870 | L14: =P3 -> 2289359.8 | M14: =O3 -> 2546164.6 | N14: =V3 -> 786645.19 | O14: =H3 -> 5371159.3 | P14: =U3 -> 880464.02 | Q14: =Z3 -> 109333.68
C15: Outflow | D15: =D7 -> 78234071 | E15: =F7 -> 17398346 | F15: =E7 -> 4830213.7 | G15: =G7 -> 4224987 | H15: =X7 -> 22187.756 | I15: =W7 -> 176143.03 | J15: =Y7 -> 61021.232 | K15: =Q7 -> 1517130.1 | L15: =P7 -> 298435.11 | M15: =O7 -> 302123.34 | N15: =V7 -> 100822.36 | O15: =H7 -> 912953.02 | P15: =U7 -> 163273.63 | Q15: 0
B16: Rural | C16: Inflow | D16: =D4 -> 3.5603698e+08 | E16: =F4 -> 39124790 | F16: =E4 -> 43079344 | G16: =G4 -> 8061795.3 | H16: =X4 -> 142120.19 | I16: =W4 -> 469056.16 | J16: =Y4 -> 44941.471 | K16: =Q4 -> 18864742 | L16: =P4 -> 2405380.6 | M16: =O4 -> 2056048.7 | N16: =V4 -> 758091.85 | O16: =H4 -> 6425922.3 | P16: =U4 -> 875923.49 | Q16: =Z4 -> 131027.97
C17: Outflow | D17: =D8 -> 1605136.9 | E17: =F8 -> 261865.83 | F17: =E8 -> 107367.2 | G17: =G8 -> 121420.98 | H17: =X8 -> 580.90059 | I17: =W8 -> 1683.9019 | J17: =Y8 -> 1144.3752 | K17: =Q8 -> 44041.715 | L17: =P8 -> 3692.2742 | M17: =O8 -> 6922.8746 | N17: =V8 -> 2996.57 | O17: =H8 -> 29831.178 | P17: =U8 -> 1746.7561 | Q17: 0

Sheet Demolition
A1: WLO | B1: Urbanization scenario | C1: Concrete | D1: Clay brick | E1: Other construction materials | F1: Steel & iron | G1: Insulation | H1: Stone wool | I1: Glass wool | J1: EPS | K1: XPS | L1: PUR | M1: Woodfibre insulation | N1: Ceramics | O1: Glass | P1: Wood | Q1: Wood beam | R1: Wood board | S1: Other | T1: Plastics | U1: Aluminum | V1: Copper | W1: Other metals | X1: Other biobased materials
A2: High | B2: Urban | C2: 1.4115454e+08 | D2: 10141070 | E2: 38985621 | F2: 6707692.7 | G2: 1521498.2 | H2: =0.22*G2 -> 334729.61 | I2: =0.36*G2 -> 547739.36 | J2: =0.27*G2 -> 410804.52 | K2: =0.06*G2 -> 91289.893 | L2: =0.08*G2 -> 121719.86 | M2: =0.01*G2 -> 15214.982 | N2: 523972.78 | O2: 496943.11 | P2: 3140290.3 | Q2: =P2*0.82 -> 2575038 | R2: =P2*0.18 -> 565252.25 | S2: 273957.8 | T2: 178343.76 | U2: 217648.67 | V2: 46254.97 | W2: 145576.03 | X2: 0
A3: High | B3: Connected | C3: 78234071 | D3: 4830213.7 | E3: 17398346 | F3: 4224987 | G3: 912953.02 | H3: =0.22*G3 -> 200849.67 | I3: =0.36*G3 -> 328663.09 | J3: =0.27*G3 -> 246497.32 | K3: =0.06*G3 -> 54777.181 | L3: =0.08*G3 -> 73036.242 | M3: =0.01*G3 -> 9129.5302 | N3: 302123.34 | O3: 298435.11 | P3: 1517130.1 | Q3: =P3*0.82 -> 1244046.7 | R3: =P3*0.18 -> 273083.42 | S3: 163273.63 | T3: 100822.36 | U3: 176143.03 | V3: 22187.756 | W3: 61021.232 | X3: 0
A4: High | B4: Rural | C4: 1605136.9 | D4: 107367.2 | E4: 261865.83 | F4: 121420.98 | G4: 29831.178 | H4: =0.22*G4 -> 6562.8592 | I4: =0.36*G4 -> 10739.224 | J4: =0.27*G4 -> 8054.4181 | K4: =0.06*G4 -> 1789.8707 | L4: =0.08*G4 -> 2386.4942 | M4: =0.01*G4 -> 298.31178 | N4: 6922.8746 | O4: 3692.2742 | P4: 44041.715 | Q4: =P4*0.82 -> 36114.207 | R4: =P4*0.18 -> 7927.5088 | S4: 1746.7561 | T4: 2996.57 | U4: 1683.9019 | V4: 580.90059 | W4: 1144.3752 | X4: 0
A5: Low | B5: Urban | C5: 60689963 | D5: 4479392.2 | E5: 16699092 | F5: 2786957 | G5: 637173.81 | H5: =0.22*G5 -> 140178.24 | I5: =0.36*G5 -> 229382.57 | J5: =0.27*G5 -> 172036.93 | K5: =0.06*G5 -> 38230.429 | L5: =0.08*G5 -> 50973.905 | M5: =0.01*G5 -> 6371.7381 | N5: 223300.77 | O5: 204013.43 | P5: 1420477 | Q5: =P5*0.82 -> 1164791.2 | R5: =P5*0.18 -> 255685.87 | S5: 121502.99 | T5: 75227.434 | U5: 83840.012 | V5: 19414.019 | W5: 63106.238 | X5: 0
A6: Low | B6: Connected | C6: 37795773 | D6: 2556610.8 | E6: 8395787.4 | F6: 1881023.9 | G6: 424156.77 | H6: =0.22*G6 -> 93314.489 | I6: =0.36*G6 -> 152696.44 | J6: =0.27*G6 -> 114522.33 | K6: =0.06*G6 -> 25449.406 | L6: =0.08*G6 -> 33932.541 | M6: =0.01*G6 -> 4241.5677 | N6: 145252.45 | O6: 131341.64 | P6: 822516.64 | Q6: =P6*0.82 -> 674463.65 | R6: =P6*0.18 -> 148053 | S6: 85173.715 | T6: 45827.911 | U6: 70100.516 | V6: 10359.671 | W6: 30581.919 | X6: 0
A7: Low | B7: Rural | C7: 251034.94 | D7: 32569.916 | E7: 63884.882 | F7: 14115.561 | G7: 3320.8044 | H7: =0.22*G7 -> 730.57697 | I7: =0.36*G7 -> 1195.4896 | J7: =0.27*G7 -> 896.61718 | K7: =0.06*G7 -> 199.24826 | L7: =0.08*G7 -> 265.66435 | M7: =0.01*G7 -> 33.208044 | N7: 2127.4658 | O7: 915.29887 | P7: 11226.254 | Q7: =P7*0.82 -> 9205.5283 | R7: =P7*0.18 -> 2020.7257 | S7: 413.53692 | T7: 318.76497 | U7: 308.09362 | V7: 106.32769 | W7: 290.32767 | X7: 0

Sheet Primary_secondary_demand
A1: WLO High + Urban (tonne) | B1: MI | C1: Demand | D1: Concrete | E1: Clay brick | F1: Other construction materials | G1: Steel & iron | H1: Stone wool | I1: Glass wool | J1: EPS | K1: XPS | L1: PUR | M1: Wood fibre insulation | N1: Ceramics | O1: Glass | P1: Glass glasswool | Q1: Wood beam | R1: Wood board | S1: Wood CLT | T1: Other | U1: Plastics | V1: Aluminum | W1: Copper | X1: Other metals | Y1: Other biobased materials | AA1: Total | AC1: Reduction in primary material demand
B2: Baseline | C2: Primary | D2: =Demand!E2-Current_best_RR!F2 -> 3.0322386e+08 | E2: =Demand!F2-Current_best_RR!G2 -> 41578302 | F2: =Demand!G2-Current_best_RR!H2 -> 22459665 | G2: =Demand!H2-Current_best_RR!I2 -> 1937453.2 | H2: =Demand!J2-Current_best_RR!J2 -> 870552.17 | I2: =Demand!K2-Current_best_RR!K2-Current_best_RR!R2 -> 1474380.6 | J2: =Demand!L2-Current_best_RR!L2 -> 1184214.2 | K2: =Demand!M2-Current_best_RR!M2 -> 299044 | L2: =Demand!N2-Current_best_RR!N2 -> 398725.33 | M2: =Demand!O2-Current_best_RR!O2 -> 0 | N2: =Demand!P2-Current_best_RR!P2 -> 2476411.4 | O2: =Demand!Q2-Current_best_RR!Q2 -> 1859162.5 | P2: 0 | Q2: =Demand!S2-Current_best_RR!T2 -> 11891534 | R2: =Demand!T2-Current_best_RR!U2 -> 2610336.7 | S2: 0 | T2: =Demand!V2-Current_best_RR!V2 -> 927122.11 | U2: =Demand!W2-Current_best_RR!W2 -> 677690.78 | V2: =Demand!X2-Current_best_RR!X2 -> 306806.18 | W2: =Demand!Y2-Current_best_RR!Y2 -> 98253.124 | X2: =Demand!Z2-Current_best_RR!Z2 -> 0 | Y2: =Demand!AA2-Current_best_RR!AA2 -> 101327.11 | AA2: =SUM(D2:Y2) -> 3.9437484e+08
C3: Secondary | D3: =Current_best_RR!F2 -> 63590121 | E3: =Current_best_RR!G2 -> 9634016.1 | F3: =Current_best_RR!H2 -> 13190597 | G3: =Current_best_RR!I2 -> 6372308 | H3: =Current_best_RR!J2 -> 225942.49 | I3: =Current_best_RR!K2 -> 369724.07 | J3: =Current_best_RR!L2 -> 161483.76 | K3: =Current_best_RR!M2 -> 0 | ... P3: =Current_best_RR!R2 -> 0 | Q3: =Current_best_RR!T2 -> 2446286.1 | R3: =Current_best_RR!U2 -> 536989.64 | S3: 0 | T3: =Current_best_RR!V2 -> 0 | U3: =Current_best_RR!W2 -> 160509.38 | V3: =Current_best_RR!X2 -> 206766.24 | W3: =Current_best_RR!Y2 -> 43942.221 | X3: =Current_best_RR!Z2 -> 49651.048 | Y3: =Current_best_RR!AA2 -> 0 | AA3: =SUM(D3:Y3) -> 97958207
B4: Biobased | C4: Primary | D4: =Demand!E20-Current_best_RR!F20 -> 76110290 | E4: =Demand!F20-Current_best_RR!G20 -> 10291436 | F4: =Demand!G20-Current_best_RR!H20 -> 22789343 | G4: =Demand!H20-Current_best_RR!I20 -> 0 | H4: =Demand!J20-Current_best_RR!J20 -> 583887.55 | I4: =Demand!K20-Current_best_RR!K20-Current_best_RR!R20 -> 992262.81 | J4: 0 | K4: =Demand!M20-Current_best_RR!M20 -> 0 | L4: =Demand!N20-Current_best_RR!N20 -> 0 | M4: =Demand!O20-Current_best_RR!O20 -> 1498958.6 | N4: =Demand!P20-Current_best_RR!P20 -> 2476411.4 | O4: =Demand!Q20-Current_best_RR!Q20 -> 1859162.5 | P4: 0 | Q4: =Demand!S20-Current_best_RR!T20 -> 22852407 | R4: =Demand!T20-Current_best_RR!U20 -> 5016382 | S4: =Demand!U20 -> 26955814 | T4: =Demand!V20-Current_best_RR!V20 -> 1254830.1 | U4: =Demand!W20-Current_best_RR!W20 -> 695473.2 | V4: =Demand!X20-Current_best_RR!X20 -> 136219.08 | W4: =Demand!Y20-Current_best_RR!Y20 -> 98253.124 | X4: =Demand!Z20-Current_best_RR!Z20 -> 0 | Y4: =Demand!AA20-Current_best_RR!AA20 -> 380362.19 | AA4: =SUM(D4:Y4) -> 1.7399149e+08 | AC4: =1-AA4/AA2 -> 0.55881695
C5: Secondary | D5: =Current_best_RR!F20 -> 44699694 | E5: =Current_best_RR!G20 -> 3430478.8 | F5: =Current_best_RR!H20 -> 13384217 | G5: =Current_best_RR!I20 -> 4596201 | H5: =Current_best_RR!J20 -> 225942.49 | I5: =Current_best_RR!K20 -> 369724.07 | J5: 0 | K5: =Current_best_RR!M20 -> 0 | L5: =Current_best_RR!N20 -> 0 | M5: =Current_best_RR!O20 -> 10270.113 | N5: =Current_best_RR!P20 -> 497774.14 | O5: =Current_best_RR!Q20 -> 472095.95 | P5: =Current_best_RR!R20 -> 0 | Q5: =Current_best_RR!T20 -> 2446286.1 | R5: =Current_best_RR!U20 -> 536989.64 | S5: 0 | T5: =Current_best_RR!V20 -> 0 | U5: =Current_best_RR!W20 -> 160509.38 | V5: =Current_best_RR!X20 -> 206766.24 | W5: =Current_best_RR!Y20 -> 43942.221 | X5: =Current_best_RR!Z20 -> 45105.89 | Y5: =Current_best_RR!AA20 -> 0 | AA5: =SUM(D5:Y5) -> 71125998
B6: Circular | C6: Primary | D6: =Demand!E38-Current_best_RR!F38 -> 1.1002491e+08 | E6: =Demand!F38-Current_best_RR!G38 -> 18353018 | F6: =Demand!G38-Current_best_RR!H38 -> 19500825 | G6: =Demand!H38-Current_best_RR!I38 -> 593564.61 | H6: =Demand!J38-Current_best_RR!J38 -> 502676.78 | I6: =Demand!K38-Current_best_RR!K38-Current_best_RR!R38 -> 855681.05 | J6: 0 | K6: =Demand!M38-Current_best_RR!M38 -> 0 | L6: =Demand!N38-Current_best_RR!N38 -> 264952.46 | M6: =Demand!O38-Current_best_RR!O38 -> 1082658.8 | N6: =Demand!P38-Current_best_RR!P38 -> 2476411.4 | O6: =Demand!Q38-Current_best_RR!Q38 -> 1859162.5 | P6: 0 | Q6: =Demand!S38-Current_best_RR!T38 -> 17293819 | R6: =Demand!T38-Current_best_RR!U38 -> 3796204.1 | S6: 0 | T6: =Demand!V38-Current_best_RR!V38 -> 903266.78 | U6: =Demand!W38-Current_best_RR!W38 -> 758748.48 | V6: =Demand!X38-Current_best_RR!X38 -> 133779.57 | W6: =Demand!Y38-Current_best_RR!Y38 -> 98253.124 | X6: =Demand!Z38-Current_best_RR!Z38 -> 0 | Y6: =Demand!AA38-Current_best_RR!AA38 -> 101327.11 | AA6: =SUM(D6:Y6) -> 1.7859926e+08 | AC6: =1-AA6/AA2 -> 0.54713323
C7: Secondary | D7: =Current_best_RR!F38 -> 63590121 | E7: =Current_best_RR!G38 -> 6117672.8 | F7: =Current_best_RR!H38 -> 11452865 | G7: =Current_best_RR!I38 -> 6372308 | H7: =Current_best_RR!J38 -> 225942.49 | I7: =Current_best_RR!K38 -> 369724.07 | J7: 0 | K7: =Current_best_RR!M38 -> 0 | L7: =Current_best_RR!N38 -> 0 | M7: =Current_best_RR!O38 -> 10270.113 | N7: =Current_best_RR!P38 -> 497774.14 | O7: =Current_best_RR!Q38 -> 472095.95 | P7: =Current_best_RR!R38 -> 0 | Q7: =Current_best_RR!T38 -> 2446286.1 | R7: =Current_best_RR!U38 -> 536989.64 | S7: 0 | T7: =Current_best_RR!V38 -> 0 | U7: =Current_best_RR!W38 -> 160509.38 | V7: =Current_best_RR!X38 -> 206766.24 | W7: =Current_best_RR!Y38 -> 43942.221 | X7: =Current_best_RR!Z38 -> 49533.206 | Y7: =Current_best_RR!AA38 -> 0 | AA7: =SUM(D7:Y7) -> 92552801
T16: Primary wood demand
R17: kg | T17: Board hardwood | U17: Beam softwood | V17: Beam hardwood | W17: CLT
R18: Baseline | T18: =R2*1000 -> 2.6103367e+09 | U18: =Q2*0.65*1000 -> 7.729497e+09 | V18: =Q2*0.35*1000 -> 4.1620368e+09 | W18: 0
R19: Biobased | T19: =R4*1000 -> 5.016382e+09 | U19: =Q4*0.65*1000 -> 1.4854064e+10 | V19: =Q4*0.35*1000 -> 7.9983424e+09 | W19: =S4*1000 -> 2.6955814e+10
R20: Circular | T20: =R6*1000 -> 3.7962041e+09 | U20: =Q6*0.65*1000 -> 1.1240982e+10 | V20: =Q6*0.35*1000 -> 6.0528366e+09 | W20: =0 -> 0

Sheet Demand
A1: UFA | B1: MI | C1: WLO | D1: Urbanization scenario | E1: Concrete | F1: Clay brick | G1: Other construction materials | H1: Steel & iron | I1: Insulation | J1: Stone wool | K1: Glass wool | L1: EPS | M1: XPS | N1: PUR | O1: Woodfibre insulation | P1: Ceramics | Q1: Glass | R1: Wood | S1: Wood beam | T1: Wood board | U1: CLT | V1: Other | W1: Plastics | X1: Aluminum | Y1: Copper | Z1: Other metals | AA1: Other biobased materials
A2: Conventional | B2: Conventional | C2: High | D2: Urban | E2: 3.6681398e+08 | F2: 51212318 | G2: 35650261 | H2: 8309761.2 | I2: 4984066.6 | J2: 1096494.7 | K2: 1844104.6 | L2: 1345698 | M2: 299044 | N2: 398725.33 | P2: 2974185.6 | Q2: 2331258.5 | R2: 17485146 | S2: 14337820 | T2: 3147326.3 | V2: 927122.11 | W2: 838200.17 | X2: 513572.42 | Y2: 142195.35 | Z2: 49651.048 | AA2: 101327.11
A3: Conventional | B3: Conventional | C3: High | D3: Connected | E3: 3.5385726e+08 | F3: 46439002 | G3: 36001698 | H3: 8075378.7 | I3: 5371159.3 | J3: 1181655 | K3: 1987328.9 | L3: 1450213 | M3: 322269.56 | N3: 429692.74 | P3: 2546164.6 | Q3: 2289359.8 | R3: 17434870 | S3: 14296594 | T3: 3138276.6 | V3: 880464.02 | W3: 786645.19 | X3: 483114.95 | Y3: 137986.18 | Z3: 46795.464 | AA3: 109333.68
A4: Conventional | B4: Conventional | C4: High | D4: Rural | E4: 3.5603698e+08 | F4: 43079344 | G4: 39124790 | H4: 8061795.3 | I4: 6425922.3 | J4: 1413702.9 | K4: 2377591.3 | L4: 1734999 | M4: 385555.34 | N4: 514073.79 | P4: 2056048.7 | Q4: 2405380.6 | R4: 18864742 | S4: 15469088 | T4: 3395653.6 | V4: 875923.49 | W4: 758091.85 | X4: 469056.16 | Y4: 142120.19 | Z4: 44941.471 | AA4: 131027.97
A5: Conventional | B5: Conventional | C5: Low | D5: Urban | E5: 1.5384813e+08 | F5: 22525669 | G5: 15076797 | H5: 3464745.9 | I5: 1927479.2 | J5: 424045.43 | K5: 713167.32 | L5: 520419.4 | M5: 115648.75 | N5: 154198.34 | P5: 1345197.4 | Q5: 944648.92 | R5: 7230218.2 | S5: 5928778.9 | T5: 1301439.3 | V5: 392715.76 | W5: 354331.82 | X5: 227892.67 | Y5: 60474.165 | Z5: 22349.359 | AA5: 39484.477
A6: Conventional | B6: Conventional | C6: Low | D6: Connected | E6: 1.4844451e+08 | F6: 21132569 | G6: 14982912 | H6: 3364052.6 | I6: 1996274.9 | J6: 439180.49 | K6: 738621.73 | L6: 538994.23 | M6: 119776.5 | N6: 159701.99 | P6: 1226587.9 | Q6: 925371.74 | R6: 7126493.9 | S6: 5843725 | T6: 1282768.9 | V6: 377047.99 | W6: 336920.39 | X6: 218600.34 | Y6: 58594.564 | Z6: 21489.371 | AA6: 40859.075
A7: Conventional | B7: Conventional | C7: Low | D7: Rural | E7: 1.5011545e+08 | F7: 18689785 | G7: 16742705 | H7: 3394057.6 | I7: 2576424.1 | J7: 566813.31 | K7: 953276.93 | L7: 695634.52 | M7: 154585.45 | N7: 206113.93 | P7: 927418.72 | Q7: 974355.4 | R7: 7836532.7 | S7: 6425956.8 | T7: 1410575.9 | V7: 368771.09 | W7: 319501.57 | X7: 207744.94 | Y7: 60598.46 | Z7: 20345.939 | AA7: 53106.703
A8: High | B8: Conventional | C8: High | D8: Urban | E8: 4.3247888e+08 | F8: 61148504 | G8: 41473491 | H8: 9583420.4 | I8: 5862525.6 | J8: 1289755.6 | K8: 2169134.5 | L8: 1582881.9 | M8: 351751.53 | N8: 469002.05 | P8: 3543158.2 | Q8: 2730207.6 | R8: 20727149 | S8: 16996262 | T8: 3730886.8 | V8: 1092352.8 | W8: 992641.76 | X8: 590750.91 | Y8: 168997.41 | Z8: 56530.177 | AA8: 119579.92
A9: High | B9: Conventional | C9: High | D9: Connected | E9: 4.1690854e+08 | F9: 55424669 | G9: 41917558 | H9: 9300410.3 | I9: 6322411.7 | J9: 1390930.6 | K9: 2339292.3 | L9: 1707051.2 | M9: 379344.7 | N9: 505792.94 | P9: 3030082.4 | Q9: 2679763.7 | R9: 20664616 | S9: 16944985 | T9: 3719631 | V9: 1036427.7 | W9: 930643.79 | X9: 554603.68 | Y9: 163947.97 | Z9: 53160.538 | AA9: 129199.53
A10: High | B10: Conventional | C10: High | D10: Rural | E10: 4.2026029e+08 | F10: 51412792 | G10: 45735667 | H10: 9318806 | I10: 7605508.6 | J10: 1673211.9 | K10: 2814038.2 | L10: 2053487.3 | M10: 456330.52 | N10: 608440.69 | P10: 2443091.8 | Q10: 2826232.7 | R10: 22408007 | S10: 18374565 | T10: 4033441.2 | V10: 1032773.4 | W10: 897885.46 | X10: 539105.86 | Y10: 169038.37 | Z10: 51076.693 | AA10: 155428.66
A11: High | B11: Conventional | C11: Low | D11: Urban | E11: 1.8196364e+08 | F11: 26903028 | G11: 17504183 | H11: 4009972.2 | I11: 2282626 | J11: 502177.71 | K11: 844571.6 | L11: 616309.01 | M11: 136957.56 | N11: 182610.08 | P11: 1601870.6 | Q11: 1114535.9 | R11: 8597015.1 | S11: 7049552.4 | T11: 1547462.7 | V11: 464168.53 | W11: 421380.21 | X11: 261579.81 | Y11: 71907.556 | Z11: 25348.382 | AA11: 46821.271
A12: High | B12: Conventional | C12: Low | D12: Connected | E12: 1.7549698e+08 | F12: 25232041 | G12: 17394231 | H12: 3889663.9 | I12: 2364682.4 | J12: 520230.13 | K12: 874932.49 | L12: 638464.25 | M12: 141880.94 | N12: 189174.59 | P12: 1459622.1 | Q12: 1091487.6 | R12: 8472914.4 | S12: 6947789.8 | T12: 1525124.6 | V12: 445439.27 | W12: 400512.86 | X12: 250587.2 | Y12: 69654.693 | Z12: 24326.966 | AA12: 48459.407
A13: High | B13: Conventional | C13: Low | D13: Rural | E13: 1.7762112e+08 | F13: 22305761 | G13: 19527110 | H13: 3931107.8 | I13: 3063041.7 | J13: 673869.17 | K13: 1133325.4 | L13: 827021.26 | M13: 183782.5 | N13: 245043.34 | P13: 1100981.3 | Q13: 1151709.2 | R13: 9329291.8 | S13: 7650019.3 | T13: 1679272.5 | V13: 435815.02 | W13: 379834.99 | X13: 237766.03 | Y13: 72082.286 | Z13: 22992.666 | AA13: 63228.593
... A19: Low | B19: Conventional | C19: Low | D19: Rural | E19: 1.2260977e+08 | F19: 15073809 | G19: 13958300 | H19: 2857007.4 | I19: 2089806.6 | J19: 459757.45 | K19: 773228.44 | L19: 564247.78 | M19: 125388.4 | N19: 167184.53 | P19: 753856.12 | Q19: 797001.62 | R19: 6343773.6 | S19: 5201894.4 | T19: 1141879.2 | V19: 301727.15 | W19: 259168.14 | X19: 177723.84 | Y19: 49114.634 | Z19: 17699.211 | AA19: 42984.814
A20: Conventional | B20: Biobased | C20: High | D20: Urban | E20: 1.2080998e+08 | F20: 13721915 | G20: 36173561 | H20: 4596201 | I20: 3681045.6 | J20: 809830.03 | K20: 1361986.9 | O20: 1509228.7 | P20: 2974185.6 | Q20: 2331258.5 | R20: 57807878 | S20: 25298693 | T20: 5553371.6 | U20: 26955814 | V20: 1254830.1 | W20: 855982.59 | X20: 342985.32 | Y20: 142195.35 | Z20: 45105.89 | AA20: 380362.19
A21: Conventional | B21: Biobased | C21: High | D21: Connected | E21: 1.1899413e+08 | F21: 12506607 | G21: 37062928 | H21: 4570765.8 | I21: 4030047.4 | J21: 886610.42 | K21: 1491117.5 | O21: 1652319.4 | P21: 2546164.6 | Q21: 2289359.8 | R21: 55788446 | S21: 24414921 | T21: 5359372.9 | U21: 26014153 | V21: 1229443.6 | W21: 797506.3 | X21: 331233.36 | Y21: 137986.18 | Z21: 42844.673 | AA21: 412711.19
A22: Conventional | B22: Biobased | C22: High | D22: Rural | E22: 1.2376897e+08 | F22: 11630887 | G22: 41577023 | H22: 4748243.4 | I22: 4889616.5 | J22: 1075715.6 | K22: 1809158.1 | O22: 2004742.8 | P22: 2056048.7 | Q22: 2405380.6 | R22: 56959822 | S22: 24927555 | T22: 5471902.2 | U22: 26560365 | V22: 1290479.6 | W22: 757760.39 | X22: 340606.75 | Y22: 142120.19 | Z22: 41836.435 | AA22: 501558.15
A23: Conventional | B23: Biobased | C23: Low | D23: Urban | E23: 50478712 | F23: 6079899.7 | G23: 15015364 | H23: 1876741.9 | I23: 1398084.2 | J23: 307578.53 | K23: 517291.17 | O23: 573214.54 | P23: 1345197.4 | Q23: 944648.92 | R23: 24187311 | S23: 10585190 | T23: 2323578.2 | U23: 11278543 | V23: 521586.88 | W23: 363059.81 | X23: 144469.58 | Y23: 60474.165 | Z23: 20400.957 | AA23: 150236.51
A24: Conventional | B24: Biobased | C24: Low | D24: Connected | E24: 49320873 | F24: 5730151.1 | G24: 15026021 | H24: 1843754.7 | I24: 1465139.7 | J24: 322330.73 | K24: 542101.68 | O24: 600707.26 | P24: 1226587.9 | Q24: 925371.74 | R24: 23383611 | S24: 10233463 | T24: 2246369.9 | U24: 10903778 | V24: 508719.81 | W24: 343825.75 | X24: 140157.38 | Y24: 58594.564 | Z24: 19716.468 | AA24: 155535.01
A25: Conventional | B25: Biobased | C25: Low | D25: Rural | E25: 52230651 | F25: 5103943 | G25: 17491939 | H25: 1970138.2 | I25: 1944739.1 | J25: 427842.6 | K25: 719553.47 | O25: 797343.03 | P25: 927418.72 | Q25: 974355.4 | R25: 23799915 | S25: 10415652 | T25: 2286362.7 | U25: 11097901 | V25: 537199.82 | W25: 320167.16 | X25: 142653.99 | Y25: 60598.46 | Z25: 19014.094 | AA25: 205526.9
A26: High | B26: Biobased | C26: High | D26: Urban | E26: 1.4167038e+08 | F26: 16205962 | G26: 42681252 | H26: 5327081.5 | I26: 4301763.3 | J26: 946387.92 | K26: 1591652.4 | O26: 1763723 | P26: 3543158.2 | Q26: 2730207.6 | R26: 68508463 | S26: 29981633 | T26: 6581334 | U26: 31945496 | V26: 1485571.6 | W26: 1014248.1 | X26: 402344.87 | Y26: 168997.41 | Z26: 51206.666 | AA26: 453373.45
A27: High | B27: Biobased | C27: High | D27: Connected | E27: 1.3950204e+08 | F27: 14753024 | G27: 43756922 | H27: 5295018.8 | I27: 4716239.5 | J27: 1037572.7 | K27: 1745008.6 | O27: 1933658.2 | P27: 3030082.4 | Q27: 2679763.7 | R27: 66074602 | S27: 28916492 | T27: 6347522.7 | U27: 30810587 | V27: 1455044.9 | W27: 943937.7 | X27: 388263.76 | Y27: 163947.97 | Z27: 48550.659 | AA27: 492174.57
A28: High | B28: Biobased | C28: High | D28: Rural | E28: 1.4550167e+08 | F28: 13714249 | G28: 49221586 | H28: 5526447.9 | I28: 5764096.8 | J28: 1268101.3 | K28: 2132715.8 | O28: 2363279.7 | P28: 2443091.8 | Q28: 2826232.7 | R28: 67579827 | S28: 29575230 | T28: 6492123.7 | U28: 31512474 | V28: 1530403.4 | W28: 897739.91 | X28: 400317.84 | Y28: 169038.37 | Z28: 47467.871 | AA28: 599160.9
A29: High | B29: Biobased | C29: Low | D29: Urban | E29: 59312317 | F29: 7174239.4 | G29: 17712537 | H29: 2185114.2 | I29: 1646254.5 | J29: 362175.99 | K29: 609114.17 | O29: 674964.35 | P29: 1601870.6 | Q29: 1114535.9 | R29: 28773471 | S29: 12592249 | T29: 2764152.3 | U29: 13417070 | V29: 619720.47 | W29: 431993.99 | X29: 169966.33 | Y29: 71907.556 | Z29: 23049.244 | AA29: 179583.69
A30: High | B30: Biobased | C30: Low | D30: Connected | E30: 57930286 | F30: 6755019.2 | G30: 17727319 | H30: 2145708.1 | I30: 1726190.5 | J30: 379761.9 | K30: 638690.48 | O30: 707738.1 | P30: 1459622.1 | Q30: 1091487.6 | R30: 27810560 | S30: 12170847 | T30: 2671649.3 | U30: 12968064 | V30: 604354.47 | W30: 408938.1 | X30: 164845.19 | Y30: 69654.693 | Z30: 22237.98 | AA30: 185936.33
A31: High | B31: Biobased | C31: Low | D31: Rural | E31: 61472598 | F31: 6007937 | G31: 20697341 | H31: 2300184.7 | I31: 2303854.6 | J31: 506848.02 | K31: 852426.22 | O31: 944580.41 | P31: 1100981.3 | Q31: 1151709.2 | R31: 28324229 | S31: 12395646 | T31: 2720995.4 | U31: 13207588 | V31: 638849.51 | W31: 380769.98 | X31: 167935.97 | Y31: 72082.286 | Z31: 21430.762 | AA31: 246014.46
... A37: Low | B37: Biobased | C37: Low | D37: Rural | E37: 42988703 | F37: 4199949 | G37: 14286536 | H37: 1640091.8 | I37: 1585623.6 | J37: 348837.18 | K37: 586680.72 | O37: 650105.66 | P37: 753856.12 | Q37: 797001.62 | R37: 19275601 | S37: 8435658.5 | T37: 1851729.9 | U37: 8988212.9 | V37: 435550.14 | W37: 259564.34 | X37: 117372.01 | Y37: 49114.634 | Z37: 16597.427 | AA37: 165039.34
A38: Conventional | B38: Circular | C38: High | D38: Urban | E38: 1.7361503e+08 | F38: 24470691 | G38: 30953691 | H38: 6965872.6 | I38: 3311905.7 | J38: 728619.26 | K38: 1225405.1 | N38: 264952.46 | O38: 1092928.9 | P38: 2974185.6 | Q38: 2331258.5 | R38: 24073299 | S38: 19740105 | T38: 4333193.7 | V38: 903266.78 | W38: 919257.86 | X38: 340545.81 | Y38: 142195.35 | Z38: 49533.206 | AA38: 101327.11
A39: Conventional | B39: Circular | C39: High | D39: Connected | E39: 1.7447795e+08 | F39: 24175129 | G39: 31880556 | H39: 6841967.6 | I39: 3465033.2 | J39: 762307.29 | K39: 1282062.3 | N39: 277202.65 | O39: 1143460.9 | P39: 2546164.6 | Q39: 2289359.8 | R39: 22831017 | S39: 18721434 | T39: 4109583.1 | V39: 833419.41 | W39: 865770.3 | X39: 323433.73 | Y39: 137986.18 | Z39: 46681.577 | AA39: 109333.68
A40: Conventional | B40: Circular | C40: High | D40: Rural | E40: 1.8780476e+08 | F40: 26156872 | G40: 35633880 | H40: 6991020 | I40: 3898565.6 | J40: 857684.43 | K40: 1442469.3 | N40: 311885.25 | O40: 1286526.7 | P40: 2056048.7 | Q40: 2405380.6 | R40: 22588420 | S40: 18522504 | T40: 4065915.5 | V40: 779649.6 | W40: 842122.03 | X40: 322028.46 | Y40: 142120.19 | Z40: 44828.411 | AA40: 131027.97
A41: Conventional | B41: Circular | C41: Low | D41: Urban | E41: 71016386 | F41: 10359614 | G41: 12943240 | H41: 2863596 | I41: 1275659.3 | J41: 280645.05 | K41: 471993.95 | N41: 102052.75 | O41: 420967.58 | P41: 1345197.4 | Q41: 944648.92 | R41: 10354299 | S41: 8490525 | T41: 1863773.8 | V41: 385478.06 | W41: 388242.49 | X41: 139982.61 | Y41: 60474.165 | Z41: 22277.583 | AA41: 39484.477
A42: Conventional | B42: Circular | C42: Low | D42: Connected | E42: 70131880 | F42: 10185308 | G42: 13004333 | H42: 2795457.1 | I42: 1294378 | J42: 284763.15 | K42: 478919.85 | N42: 103550.24 | O42: 427144.73 | P42: 1226587.9 | Q42: 925371.74 | R42: 9933121.9 | S42: 8145160 | T42: 1787961.9 | V42: 363677.18 | W42: 369977.64 | X42: 134265.44 | Y42: 58594.564 | Z42: 21418.531 | AA42: 40859.075
A43: Conventional | B43: Circular | C43: Low | D43: Rural | E43: 77947065 | F43: 11022097 | G43: 15158216 | H43: 2902460.9 | I43: 1552086.8 | J43: 341459.09 | K43: 574272.11 | N43: 124166.94 | O43: 512188.64 | P43: 927418.72 | Q43: 974355.4 | R43: 9687543 | S43: 7943785.3 | T43: 1743757.7 | V43: 330417.74 | W43: 354422.54 | X43: 130963.44 | Y43: 60598.46 | Z43: 20275.364 | AA43: 53106.703
A44: High | B44: Circular | C44: High | D44: Urban | E44: 2.0475248e+08 | F44: 29058552 | G44: 36010649 | H44: 8086669.6 | I44: 3862582.3 | J44: 849768.1 | K44: 1429155.4 | N44: 309006.58 | O44: 1274652.2 | P44: 3543158.2 | Q44: 2730207.6 | R44: 28350212 | S44: 23247174 | T44: 5103038.2 | V44: 1067073.2 | W44: 1089514.1 | X44: 401940 | Y44: 168997.41 | Z44: 56412.335 | AA44: 119579.92
A45: High | B45: Circular | C45: High | D45: Connected | E45: 2.0574416e+08 | F45: 28708021 | G45: 37141641 | H45: 7934293.5 | I45: 4041809.6 | J45: 889198.11 | K45: 1495469.5 | N45: 323344.77 | O45: 1333797.2 | P45: 3030082.4 | Q45: 2679763.7 | R45: 26863900 | S45: 22028398 | T45: 4835502 | V45: 983234.25 | W45: 1025183.4 | X45: 381283.73 | Y45: 163947.97 | Z45: 53046.652 | AA45: 129199.53
A46: High | B46: Circular | C46: High | D46: Rural | E46: 2.221283e+08 | F46: 31105824 | G46: 41707962 | H46: 8141510.2 | I46: 4578553 | J46: 1007281.7 | K46: 1694064.6 | N46: 366284.24 | O46: 1510922.5 | P46: 2443091.8 | Q46: 2826232.7 | R46: 26610843 | S46: 21820892 | T46: 4789951.8 | V46: 920399.03 | W46: 998382.77 | X46: 380537.88 | Y46: 169038.37 | Z46: 50963.633 | AA46: 155428.66
A47: High | B47: Circular | C47: Low | D47: Urban | E47: 84070869 | F47: 12303762 | G47: 15025179 | H47: 3340696.4 | I47: 1502014.1 | J47: 330443.1 | K47: 555745.21 | N47: 120161.13 | O47: 495664.65 | P47: 1601870.6 | Q47: 1114535.9 | R47: 12203209 | S47: 10006632 | T47: 2196577.7 | V47: 457224.21 | W47: 462035.38 | X47: 166581.47 | Y47: 71907.556 | Z47: 25276.606 | AA47: 46821.271
A48: High | B48: Circular | C48: Low | D48: Connected | E48: 83012903 | F48: 12095328 | G48: 15100666 | H48: 3259111.4 | I48: 1523937 | J48: 335266.13 | K48: 563856.68 | N48: 121914.96 | O48: 502899.2 | P48: 1459622.1 | Q48: 1091487.6 | R48: 11699402 | S48: 9593509.9 | T48: 2105892.4 | V48: 431120.26 | W48: 440146.39 | X48: 159749.85 | Y48: 69654.693 | Z48: 24256.126 | AA48: 48459.407
A49: High | B49: Circular | C49: Low | D49: Rural | E49: 92447744 | F49: 13104536 | G49: 17703931 | H49: 3391254.4 | I49: 1835287.6 | J49: 403763.28 | K49: 679056.42 | N49: 146823.01 | O49: 605644.92 | P49: 1100981.3 | Q49: 1151709.2 | R49: 11412197 | S49: 9358001.9 | T49: 2054195.5 | V49: 391480.51 | W49: 421710.69 | X49: 155893.17 | Y49: 72082.286 | Z49: 22922.091 | AA49: 63228.593
... A55: Low | B55: Circular | C55: Low | D55: Rural | E55: 63446386 | F55: 8939658.7 | G55: 12612501 | H55: 2413667.4 | I55: 1268885.9 | J55: 279154.91 | K55: 469487.8 | N55: 101510.88 | O55: 418732.36 | P55: 753856.12 | Q55: 797001.62 | R55: 7962888.7 | S55: 6529568.7 | T55: 1433320 | V55: 269354.96 | W55: 287134.38 | X55: 106033.71 | Y55: 49114.634 | Z55: 17628.637 | AA55: 42984.814
AF58: =SUM(AF44:AF55)/12 -> 0

Sheet GHG
A1: WLO High + Urban | B1: MI | C1: Demand | D1: Concrete | E1: Clay brick | F1: Other construction materials | G1: Steel & iron | H1: Stone wool | I1: Glass wool | J1: EPS | K1: XPS | L1: PUR | M1: Wood fibre insulation | N1: Ceramics | O1: Glass | P1: Glass glasswool | Q1: Wood beam | R1: Wood board | S1: Wood CLT | T1: Other* | U1: Plastics | V1: Aluminum | W1: Copper | X1: Other metals | Y1: Other biobased materials
B2: Conventional | C2: Primary | D2: =(Demand!E2-Primary_secondary_demand!D3/GHG_Secondary_production!L6)*GHG_Primary_production!I4 -> 22904023 | E2: =Primary_secondary_demand!E2*GHG_Primary_production!I3 -> 10084295 | F2: =Primary_secondary_demand!F2*((GHG_Primary_production!I5+GHG_Primary_production!I8+GHG_Primary_production!I20+GHG_Primary_production!I26)/4) -> 8444861.8 | G2: =Primary_secondary_demand!G2*GHG_Primary_production!I24 -> 4182512.1 | H2: =(Demand!J2-Primary_secondary_demand!H3/GHG_Secondary_production!L19)*GHG_Primary_production!I14 -> 841406.68 | I2: =(Demand!K2-Primary_secondary_demand!I3/GHG_Secondary_production!L22)*GHG_Primary_production!I15-P3 -> 3692911.9 | J2: 0 | K2: =Primary_secondary_demand!K2*GHG_Primary_production!I17 -> 1277938 | L2: =Primary_secondary_demand!L2*GHG_Primary_production!I16 -> 1839732.4 | M2: 0 | N2: =Primary_secondary_demand!N2*GHG_Primary_production!I21 -> 1806992.6 | O2: =Primary_secondary_demand!O2*GHG_Primary_production!I9 -> 1792776.5 | P2: 0 | Q2: =Primary_secondary_demand!Q2*(GHG_Primary_production!I10*GHG_Primary_production!J10+GHG_Primary_production!I11*GHG_Primary_production!J11) -> 1239264.7 | R2: =Primary_secondary_demand!R2*GHG_Primary_production!I12 -> 216922.75 | S2: 0 | T2: =Primary_secondary_demand!T2*((GHG_Primary_production!I6*0.5+GHG_Primary_production!I7*0.5+GHG_Primary_production!I23+GHG_Primary_production!I25)/3) -> 3705616.1 | U2: =Primary_secondary_demand!U2*GHG_Primary_production!I27 -> 1285921 | V2: =Primary_secondary_demand!V2*GHG_Primary_production!I2 -> 6434987.4 | W2: =Primary_secondary_demand!W2*GHG_Primary_production!I22 -> 661806.35 | X2: =Primary_secondary_demand!X2*GHG_Primary_production!I24 -> 0 | Y2: =Primary_secondary_demand!Y2*GHG_Primary_production!I12 -> 8420.4291
C3: Secondary | D3: =(Primary_secondary_demand!D3/GHG_Secondary_production!L6)*GHG_Secondary_production!I6 -> 21690518 | E3: =Primary_secondary_demand!E3*(GHG_Secondary_production!I4+GHG_Secondary_production!I5) -> 2243935.9 | F3: =Primary_secondary_demand!F3*(((GHG_Secondary_production!I7+GHG_Secondary_production!I8)+(GHG_Secondary_production!I11+GHG_Secondary_production!I12)+(GHG_Secondary_production!I4+GHG_Secondary_production!I5))/3) -> 2475328.5 | G3: =Primary_secondary_demand!G3*GHG_Secondary_production!I24 -> 3500597.5 | H3: =(Primary_secondary_demand!H3/GHG_Secondary_production!L19)*GHG_Secondary_production!I19 -> 304022.05 | I3: =(Primary_secondary_demand!I3/GHG_Secondary_production!L22)*GHG_Secondary_production!I22 -> 267724.57 | J3: =(Primary_secondary_demand!J3/GHG_Secondary_production!L21)*GHG_Secondary_production!I21 -> 4365168.1 | K3: =Primary_secondary_demand!K3 -> 0 | L3: =Primary_secondary_demand!L3 -> 0 | M3: 0 | N3: =Primary_secondary_demand!N3*(GHG_Secondary_production!I4+GHG_Secondary_production!I5) -> 115940.57 | O3: =Primary_secondary_demand!O3*(GHG_Secondary_production!I13+GHG_Secondary_production!I14) -> 389120.68 | P3: =(Primary_secondary_demand!P3/GHG_Secondary_production!L15)*GHG_Secondary_production!I15 -> 0 | Q3: =Primary_secondary_demand!Q3*(GHG_Secondary_production!I16+GHG_Secondary_production!I18) -> 123991.47 | R3: =Primary_secondary_demand!R3*(GHG_Secondary_production!I17+GHG_Secondary_production!I18) -> 771958.3 | S3: 0 | T3: =Primary_secondary_demand!T3*((GHG_Secondary_production!I26+GHG_Secondary_production!I25+(GHG_Secondary_production!I23+GHG_Secondary_production!I28)/2)/2) -> 0 | U3: =Primary_secondary_demand!U3*GHG_Secondary_production!I28 -> 183464.37 | V3: =Primary_secondary_demand!V3*(GHG_Secondary_production!I2+GHG_Secondary_production!I3) -> 339368.59 | W3: =Primary_secondary_demand!W3*GHG_Secondary_production!I23 -> 13419.415 | X3: =Primary_secondary_demand!X3*GHG_Secondary_production!I24 -> 27275.57 | Y3: =Primary_secondary_demand!Y3 -> 0
B4: Biobased | C4: Primary | D4: =(Demand!E20-Primary_secondary_demand!D5/GHG_Secondary_production!L6)*GHG_Primary_production!I4 -> 0 | E4: =Primary_secondary_demand!E4*GHG_Primary_production!I3 -> 2496058.5 | F4: =Primary_secondary_demand!F4*((GHG_Primary_production!I5+GHG_Primary_production!I8+GHG_Primary_production!I20+GHG_Primary_production!I26)/4) -> 8568821.4 | G4: =Primary_secondary_demand!G4*GHG_Primary_production!I24 -> 0 | H4: =(Demand!J20-Primary_secondary_demand!H5/GHG_Secondary_production!L19)*GHG_Primary_production!I14 -> 467224.39 | I4: =(Demand!K20-Primary_secondary_demand!I5/GHG_Secondary_production!L22)*GHG_Primary_production!I15-P5 -> 2404573.7 | J4: 0 | K4: =Primary_secondary_demand!K4*GHG_Primary_production!I17 -> 0 | L4: =Primary_secondary_demand!L4*GHG_Primary_production!I16 -> 0 | M4: =(Demand!O20-Primary_secondary_demand!M5/GHG_Secondary_production!L20)*GHG_Primary_production!I19 -> 134486.47 | N4: =Primary_secondary_demand!N4*GHG_Primary_production!I21 -> 1806992.6 | O4: =Primary_secondary_demand!O4*GHG_Primary_production!I9 -> 1792776.5 | P4: 0 | Q4: =Primary_secondary_demand!Q4*(GHG_Primary_production!I10*GHG_Primary_production!J10+GHG_Primary_production!I11*GHG_Primary_production!J11) -> 2381541.5 | R4: =Primary_secondary_demand!R4*GHG_Primary_production!I12 -> 416868.59 | S4: =Primary_secondary_demand!S4*GHG_Primary_production!I13 -> 7989919.2 | T4: =Primary_secondary_demand!T4*((GHG_Primary_production!I6*0.5+GHG_Primary_production!I7*0.5+GHG_Primary_production!I23+GHG_Primary_production!I25)/3) -> 5015432.8 | U4: =Primary_secondary_demand!U4*GHG_Primary_production!I27 -> 1319663.2 | V4: =Primary_secondary_demand!V4*GHG_Primary_production!I2 -> 2857074.4 | W4: =Primary_secondary_demand!W4*GHG_Primary_production!I22 -> 661806.35 | X4: =Primary_secondary_demand!X4*GHG_Primary_production!I24 -> 0 | Y4: =Primary_secondary_demand!Y4*GHG_Primary_production!I12 -> 31608.648
C5: Secondary | D5: =(Primary_secondary_demand!D5/GHG_Secondary_production!L6)*GHG_Secondary_production!I6 -> 15247015 | E5: =Primary_secondary_demand!E5*(GHG_Secondary_production!I4+GHG_Secondary_production!I5) -> 799020.31 | F5: =Primary_secondary_demand!F5*(((GHG_Secondary_production!I7+GHG_Secondary_production!I8)+(GHG_Secondary_production!I11+GHG_Secondary_production!I12)+(GHG_Secondary_production!I4+GHG_Secondary_production!I5))/3) -> 2511663 | G5: =Primary_secondary_demand!G5*GHG_Secondary_production!I24 -> 2524901.4 | H5: =(Primary_secondary_demand!H5/GHG_Secondary_production!L19)*GHG_Secondary_production!I19 -> 304022.05 | I5: =(Primary_secondary_demand!I5/GHG_Secondary_production!L22)*GHG_Secondary_production!I22 -> 267724.57 | J5: 0 | K5: =Primary_secondary_demand!K5 -> 0 | L5: =Primary_secondary_demand!L5 -> 0 | M5: =(Primary_secondary_demand!M5/GHG_Secondary_production!L20)*GHG_Secondary_production!I20 -> 501.14098 | N5: =Primary_secondary_demand!N5*(GHG_Secondary_production!I4+GHG_Secondary_production!I5) -> 115940.57 | O5: =Primary_secondary_demand!O5*(GHG_Secondary_production!I13+GHG_Secondary_production!I14) -> 389120.68 | P5: =(Primary_secondary_demand!P5/GHG_Secondary_production!L15)*GHG_Secondary_production!I15 -> 0 | Q5: =Primary_secondary_demand!Q5*(GHG_Secondary_production!I16+GHG_Secondary_production!I18) -> 123991.47 | R5: =Primary_secondary_demand!R5*(GHG_Secondary_production!I17+GHG_Secondary_production!I18) -> 771958.3 | S5: 0 | T5: =Primary_secondary_demand!T5*((GHG_Secondary_production!I26+GHG_Secondary_production!I25+(GHG_Secondary_production!I23+GHG_Secondary_production!I28)/2)/2) -> 0 | U5: =Primary_secondary_demand!U5*GHG_Secondary_production!I28 -> 183464.37 | V5: =Primary_secondary_demand!V5*(GHG_Secondary_production!I2+GHG_Secondary_production!I3) -> 339368.59 | W5: =Primary_secondary_demand!W5*GHG_Secondary_production!I23 -> 13419.415 | X5: =Primary_secondary_demand!X5*GHG_Secondary_production!I24 -> 24778.708 | Y5: =Primary_secondary_demand!Y5 -> 0
B6: Circular | C6: Primary | D6: =(Demand!E38-Primary_secondary_demand!D7/GHG_Secondary_production!L6)*GHG_Primary_production!I4 -> 205583.96 | E6: =Primary_secondary_demand!E6*GHG_Primary_production!I3 -> 4451294 | F6: =Primary_secondary_demand!F6*((GHG_Primary_production!I5+GHG_Primary_production!I8+GHG_Primary_production!I20+GHG_Primary_production!I26)/4) -> 7332334.4 | G6: =Primary_secondary_demand!G6*GHG_Primary_production!I24 -> 1281368.4 | H6: =(Demand!J38-Primary_secondary_demand!H7/GHG_Secondary_production!L19)*GHG_Primary_production!I14 -> 361220.26 | I6: =(Demand!K38-Primary_secondary_demand!I7/GHG_Secondary_production!L22)*GHG_Primary_production!I15-P7 -> 2039593.3 | J6: 0 | K6: =Primary_secondary_demand!K6*GHG_Primary_production!I17 -> 0 | L6: =Primary_secondary_demand!L6*GHG_Primary_production!I16 -> 1222499.8 | M6: =(Demand!O38-Primary_secondary_demand!M7/GHG_Secondary_production!L20)*GHG_Primary_production!I19 -> 97071.989 | N6: =Primary_secondary_demand!N6*GHG_Primary_production!I21 -> 1806992.6 | O6: =Primary_secondary_demand!O6*GHG_Primary_production!I9 -> 1792776.5 | P6: 0 | Q6: =Primary_secondary_demand!Q6*(GHG_Primary_production!I10*GHG_Primary_production!J10+GHG_Primary_production!I11*GHG_Primary_production!J11) -> 1802258.6 | R6: =Primary_secondary_demand!R6*GHG_Primary_production!I12 -> 315470.05 | S6: 0 | T6: =Primary_secondary_demand!T6*((GHG_Primary_production!I6*0.5+GHG_Primary_production!I7*0.5+GHG_Primary_production!I23+GHG_Primary_production!I25)/3) -> 3610268.7 | U6: =Primary_secondary_demand!U6*GHG_Primary_production!I27 -> 1439728.3 | V6: =Primary_secondary_demand!V6*GHG_Primary_production!I2 -> 2805907.9 | W6: =Primary_secondary_demand!W6*GHG_Primary_production!I22 -> 661806.35 | X6: =Primary_secondary_demand!X6*GHG_Primary_production!I24 -> 0 | Y6: =Primary_secondary_demand!Y6*GHG_Primary_production!I12 -> 8420.4291
C7: Secondary | D7: =(Primary_secondary_demand!D7/GHG_Secondary_production!L6)*GHG_Secondary_production!I6 -> 21690518 | E7: =Primary_secondary_demand!E7*(GHG_Secondary_production!I4+GHG_Secondary_production!I5) -> 1424916.2 | F7: =Primary_secondary_demand!F7*(((GHG_Secondary_production!I7+GHG_Secondary_production!I8)+(GHG_Secondary_production!I11+GHG_Secondary_production!I12)+(GHG_Secondary_production!I4+GHG_Secondary_production!I5))/3) -> 2149228.3 | G7: =Primary_secondary_demand!G7*GHG_Secondary_production!I24 -> 3500597.5 | H7: =(Primary_secondary_demand!H7/GHG_Secondary_production!L19)*GHG_Secondary_production!I19 -> 304022.05 | I7: =(Primary_secondary_demand!I7/GHG_Secondary_production!L22)*GHG_Secondary_production!I22 -> 267724.57 | J7: 0 | K7: =Primary_secondary_demand!K7 -> 0 | L7: =Primary_secondary_demand!L7 -> 0 | M7: =(Primary_secondary_demand!M7/GHG_Secondary_production!L20)*GHG_Secondary_production!I20 -> 501.14098 | N7: =Primary_secondary_demand!N7*(GHG_Secondary_production!I4+GHG_Secondary_production!I5) -> 115940.57 | O7: =Primary_secondary_demand!O7*(GHG_Secondary_production!I13+GHG_Secondary_production!I14) -> 389120.68 | P7: =(Primary_secondary_demand!P7/GHG_Secondary_production!L15)*GHG_Secondary_production!I15 -> 0 | Q7: =Primary_secondary_demand!Q7*(GHG_Secondary_production!I16+GHG_Secondary_production!I18) -> 123991.47 | R7: =Primary_secondary_demand!R7*(GHG_Secondary_production!I17+GHG_Secondary_production!I18) -> 771958.3 | S7: 0 | T7: =Primary_secondary_demand!T7*((GHG_Secondary_production!I26+GHG_Secondary_production!I25+(GHG_Secondary_production!I23+GHG_Secondary_production!I28)/2)/2) -> 0 | U7: =Primary_secondary_demand!U7*GHG_Secondary_production!I28 -> 183464.37 | V7: =Primary_secondary_demand!V7*(GHG_Secondary_production!I2+GHG_Secondary_production!I3) -> 339368.59 | W7: =Primary_secondary_demand!W7*GHG_Secondary_production!I23 -> 13419.415 | X7: =Primary_secondary_demand!X7*GHG_Secondary_production!I24 -> 27210.834 | Y7: =Primary_secondary_demand!Y7 -> 0
A9: RC < 100% in LCI | D9: x | H9: x | I9: x | J9: x | M9: x | P9: x
A10: % | D10: 0.37 | H10: 0.5 | I10: 0.8 | J10: 0.12 | M10: 0.8 | P10: 0.77
A12: AGGREGATED | B12: Values above need to be multiplied with 1.000, because flows are calculated in tonnes, while impact per kg material.
B13: kg CO2 eq. | D13: Concrete | E13: Clay brick | F13: Other construction materials | G13: Steel & iron | H13: Insulation | I13: Ceramics | J13: Glass | K13: Wood | L13: Other* | M13: Plastics | N13: Aluminum | O13: Copper | P13: Other metals | Q13: Other biobased materials | T13: Total
B14: Conventional | C14: Primary | D14: =D2*1000 -> 2.2904023e+10 | E14: =E2*1000 -> 1.0084295e+10 | F14: =F2*1000 -> 8.4448618e+09 | G14: =G2*1000 -> 4.1825121e+09 | H14: =SUM(H2:M2)*1000 -> 7.651989e+09 | I14: =N2*1000 -> 1.8069926e+09 | J14: =O2*1000 -> 1.7927765e+09 | K14: =(Q2+R2)*1000 -> 1.4561874e+09 | L14: =T2*1000 -> 3.7056161e+09 | M14: =U2*1000 -> 1.285921e+09 | N14: =V2*1000 -> 6.4349874e+09 | O14: =W2*1000 -> 6.6180635e+08 | P14: =X2*1000 -> 0 | Q14: =Y2*1000 -> 8420429.1 | T14: =SUM(D14:K14)+SUM(M14:Q14) -> 6.6714773e+10
C15: Secondary | D15: =D3*1000 -> 2.1690518e+10 | E15: =E3*1000 -> 2.2439359e+09 | F15: =F3*1000 -> 2.4753285e+09 | G15: =G3*1000 -> 3.5005975e+09 | H15: =(SUM(H3:M3)+P3)*1000 -> 4.9369147e+09 | I15: =N3*1000 -> 1.1594057e+08 | J15: =O3*1000 -> 3.8912068e+08 | K15: =(Q3+R3)*1000 -> 8.9594977e+08 | L15: =T3*1000 -> 0 | M15: =U3*1000 -> 1.8346437e+08 | N15: =V3*1000 -> 3.3936859e+08 | O15: =W3*1000 -> 13419415 | P15: =X3*1000 -> 27275570 | Q15: =Y3*1000 -> 0 | T15: =SUM(D15:K15)+SUM(M15:Q15) -> 3.6811834e+10
B16: Biobased | C16: Primary | D16: =D4*1000 -> 0 | E16: =E4*1000 -> 2.4960585e+09 | F16: =F4*1000 -> 8.5688214e+09 | G16: =G4*1000 -> 0 | H16: =SUM(H4:M4)*1000 -> 3.0062845e+09 | I16: =N4*1000 -> 1.8069926e+09 | J16: =O4*1000 -> 1.7927765e+09 | K16: =(Q4+R4+S4)*1000 -> 1.0788329e+10 | L16: =T4*1000 -> 5.0154328e+09 | M16: =U4*1000 -> 1.3196632e+09 | N16: =V4*1000 -> 2.8570744e+09 | O16: =W4*1000 -> 6.6180635e+08 | P16: =X4*1000 -> 0 | Q16: =Y4*1000 -> 31608648 | T16: =SUM(D16:K16)+SUM(M16:Q16) -> 3.3329415e+10
C17: Secondary | D17: =D5*1000 -> 1.5247015e+10 | E17: =E5*1000 -> 7.9902031e+08 | F17: =F5*1000 -> 2.511663e+09 | G17: =G5*1000 -> 2.5249014e+09 | H17: =(SUM(H5:M5)+P5)*1000 -> 5.7224777e+08 | I17: =N5*1000 -> 1.1594057e+08 | J17: =O5*1000 -> 3.8912068e+08 | K17: =(Q5+R5)*1000 -> 8.9594977e+08 | L17: =T5*1000 -> 0 | M17: =U5*1000 -> 1.8346437e+08 | N17: =V5*1000 -> 3.3936859e+08 | O17: =W5*1000 -> 13419415 | P17: =X5*1000 -> 24778708 | Q17: =Y5*1000 -> 0 | T17: =SUM(D17:K17)+SUM(M17:Q17) -> 2.361689e+10
B18: Circular | C18: Primary | D18: =D6*1000 -> 2.0558396e+08 | E18: =E6*1000 -> 4.451294e+09 | F18: =F6*1000 -> 7.3323344e+09 | G18: =G6*1000 -> 1.2813684e+09 | H18: =SUM(H6:M6)*1000 -> 3.7203854e+09 | I18: =N6*1000 -> 1.8069926e+09 | J18: =O6*1000 -> 1.7927765e+09 | K18: =(Q6+R6)*1000 -> 2.1177286e+09 | L18: =T6*1000 -> 3.6102687e+09 | M18: =U6*1000 -> 1.4397283e+09 | N18: =V6*1000 -> 2.8059079e+09 | O18: =W6*1000 -> 6.6180635e+08 | P18: =X6*1000 -> 0 | Q18: =Y6*1000 -> 8420429.1 | T18: =SUM(D18:K18)+SUM(M18:Q18) -> 2.7624327e+10
C19: Secondary | D19: =D7*1000 -> 2.1690518e+10 | E19: =E7*1000 -> 1.4249162e+09 | F19: =F7*1000 -> 2.1492283e+09 | G19: =G7*1000 -> 3.5005975e+09 | H19: =(SUM(H7:M7)+P7)*1000 -> 5.7224777e+08 | I19: =N7*1000 -> 1.1594057e+08 | J19: =O7*1000 -> 3.8912068e+08 | K19: =(Q7+R7)*1000 -> 8.9594977e+08 | L19: =T7*1000 -> 0 | M19: =U7*1000 -> 1.8346437e+08 | N19: =V7*1000 -> 3.3936859e+08 | O19: =W7*1000 -> 13419415 | P19: =X7*1000 -> 27210834 | Q19: =Y7*1000 -> 0 | T19: =SUM(D19:K19)+SUM(M19:Q19) -> 3.1301982e+10
B21: Conventional | C21: Total | D21: =D14+D15 -> 4.4594542e+10 | E21: =E14+E15 -> 1.232823e+10 | F21: =F14+F15 -> 1.092019e+10 | G21: =G14+G15 -> 7.6831096e+09 | H21: =H14+H15 -> 1.2588904e+10 | I21: =I14+I15 -> 1.9229332e+09 | J21: =J14+J15 -> 2.1818972e+09 | K21: =K14+K15 -> 2.3521372e+09 | ... Q21: =Q14+Q15 -> 8420429.1 | T21: =SUM(D21:K21)+SUM(M21:Q21) -> 1.0352661e+11
B22: Biobased | C22: Total | D22: =D16+D17 -> 1.5247015e+10 | E22: =E16+E17 -> 3.2950788e+09 | F22: =F16+F17 -> 1.1080484e+10 | G22: =G16+G17 -> 2.5249014e+09 | H22: =H16+H17 -> 3.5785323e+09 | I22: =I16+I17 -> 1.9229332e+09 | J22: =J16+J17 -> 2.1818972e+09 | K22: =K16+K17 -> 1.1684279e+10 | ... Q22: =Q16+Q17 -> 31608648 | T22: =SUM(D22:K22)+SUM(M22:Q22) -> 5.6946305e+10
B23: Circular | C23: Total | D23: =D18+D19 -> 2.1896102e+10 | E23: =E18+E19 -> 5.8762102e+09 | F23: =F18+F19 -> 9.4815628e+09 | G23: =G18+G19 -> 4.7819658e+09 | H23: =H18+H19 -> 4.2926331e+09 | I23: =I18+I19 -> 1.9229332e+09 | J23: =J18+J19 -> 2.1818972e+09 | K23: =K18+K19 -> 3.0136784e+09 | ... Q23: =Q18+Q19 -> 8420429.1 | T23: =SUM(D23:K23)+SUM(M23:Q23) -> 5.8926309e+10
L25: * excluded from analysis

Sheet Land_occupation
C1: Primary material demand | G1: associated land occupation (m2 year) | K1: Share per material
A2: Material | B2: selected LCI results | resource | land occupation (m2 year) | C2: Baseline | D2: Biboased | E2: Circular | G2: Baseline | H2: Biboased | I2: Circular | K2: Baseline | L2: Biboased | M2: Circular
A3: Aluminum | B3: 0.44394423 | C3: 306806.18 | D3: 136219.08 | E3: 133779.57 | G3: =$B3*C3 -> 136204.83 | H3: =$B3*D3 -> 60473.676 | I3: =$B3*E3 -> 59390.67 | K3: =G3/SUM(G$3:G$17) -> 0.0017437086 | L3: =H3/SUM(H$3:H$17) -> 0.00021450161 | M3: =I3/SUM(I$3:I$17) -> 0.000524776
A4: Clay brick | B4: 0.011608828 | C4: 41578302 | D4: 10291436 | E4: 18353018 | G4: =$B4*C4 -> 482675.35 | H4: =$B4*D4 -> 119471.51 | I4: =$B4*E4 -> 213057.03 | K4: =G4/SUM(G$3:G$17) -> 0.0061792605 | L4: =H4/SUM(H$3:H$17) -> 0.00042376838 | M4: =I4/SUM(I$3:I$17) -> 0.0018825721
A5: Concrete | B5: 0.010754438 | C5: 3.0322386e+08 | D5: 76110290 | E5: 1.1002491e+08 | G5: =$B5*C5 -> 3261002.2 | H5: =$B5*D5 -> 818523.4 | I5: =$B5*E5 -> 1183256.1 | K5: =G5/SUM(G$3:G$17) -> 0.041747693 | L5: =H5/SUM(H$3:H$17) -> 0.0029033225 | M5: =I5/SUM(I$3:I$17) -> 0.010455251
A6: Bitumen | B6: 0.11708439
A7: Gypsum | B7: 0.037240974
A8: Glass | B8: 0.14319652 | C8: 1859162.5 | D8: 1859162.5 | E8: 1859162.5 | G8: =$B8*C8 -> 266225.61 | H8: =$B8*D8 -> 266225.61 | I8: =$B8*E8 -> 266225.61 | K8: =G8/SUM(G$3:G$17) -> 0.0034082482 | L8: =H8/SUM(H$3:H$17) -> 0.00094430875 | M8: =I8/SUM(I$3:I$17) -> 0.0023523697
A9: Wood & other biobased materials | B9: 4.9520651 | C9: 14501871 | D9: 56323561 | E9: 22172682 | G9: =$B9*C9 -> 71814206 | H9: =$B9*D9 -> 2.7891794e+08 | I9: =$B9*E9 -> 1.0980056e+08 | K9: =G9/SUM(G$3:G$17) -> 0.91937302 | L9: =H9/SUM(H$3:H$17) -> 0.98932876 | M9: =I9/SUM(I$3:I$17) -> 0.97019784
A10: Insulation | B10: 0.085740983 | C10: 4226916.3 | D10: 1576150.4 | E10: 1623310.3 | G10: =$B10*C10 -> 362419.96 | H10: =$B10*D10 -> 135140.68 | I10: =$B10*E10 -> 139184.22 | K10: =G10/SUM(G$3:G$17) -> 0.0046397384 | L10: =H10/SUM(H$3:H$17) -> 0.0004793473 | M10: =I10/SUM(I$3:I$17) -> 0.0012298319
A11: stone, sand-lime stone | B11: 0.022454081
A12: Ceramic tile | B12: 0.098040546 | C12: 2476411.4 | D12: 2476411.4 | E12: 2476411.4 | G12: =$B12*C12 -> 242788.73 | H12: =$B12*D12 -> 242788.73 | I12: =$B12*E12 -> 242788.73 | K12: =G12/SUM(G$3:G$17) -> 0.0031082068 | L12: =H12/SUM(H$3:H$17) -> 0.00086117757 | M12: =I12/SUM(I$3:I$17) -> 0.0021452814
A13: Copper | B13: 1.6878697 | C13: 98253.124 | D13: 98253.124 | E13: 98253.124 | G13: =$B13*C13 -> 165838.47 | H13: =$B13*D13 -> 165838.47 | I13: =$B13*E13 -> 165838.47 | K13: =G13/SUM(G$3:G$17) -> 0.0021230815 | L13: =H13/SUM(H$3:H$17) -> 0.00058823312 | M13: =I13/SUM(I$3:I$17) -> 0.0014653488
A14: Steel & iron, and other metals | B14: 0.10262438 | C14: 1937453.2 | D14: 0 | E14: 593564.61 | G14: =$B14*C14 -> 198829.92 | H14: =$B14*D14 -> 0 | I14: =$B14*E14 -> 60914.197 | K14: =G14/SUM(G$3:G$17) -> 0.0025454416 | L14: =H14/SUM(H$3:H$17) -> 0 | M14: =I14/SUM(I$3:I$17) -> 0.00053823789
A15: Sand | B15: 0.022454081
A16: Plastics | B16: 0.093379211 | C16: 677690.78 | D16: 695473.2 | E16: 758748.48 | G16: =$B16*C16 -> 63282.23 | H16: =$B16*D16 -> 64942.739 | I16: =$B16*E16 -> 70851.334 | K16: =G16/SUM(G$3:G$17) -> 0.00081014577 | L16: =H16/SUM(H$3:H$17) -> 0.00023035348 | M16: =I16/SUM(I$3:I$17) -> 0.00062604243
A17: Other construction materials | B17: 0.049808383 | C17: 22459665 | D17: 22789343 | E17: 19500825 | G17: =$B17*C17 -> 1118679.6 | H17: =$B17*D17 -> 1135100.3 | I17: =$B17*E17 -> 971304.56 | K17: =G17/SUM(G$3:G$17) -> 0.014321454 | L17: =H17/SUM(H$3:H$17) -> 0.0040262287 | M17: =I17/SUM(I$3:I$17) -> 0.0085824477

Sheet Land_use
A1: Calculation method:
A2: Row 4-10 present primary material demand for scenario Conventional, Biobased and Circular (Urban) in kg, in m3 and total demand for sawlog (based on row 11-64). | I2: * Wernet, G., Bauer, C., Steubing, B., Reinhard, J., Moreno-Ruiz, E., & Weidema, B. (2016). The ecoinvent database version 3 (part I): Overview and methodology. The International Journal of Life Cycle Assessment, 21(9), 1218–1230. https://doi.org/10.1007/s11367-016-1087-8
A3: Row 11-64 present the losses during the production of softwood/hardwood beam, board or CLT. | I3: ** Greenspec (n.d.). Crosslam timber / CLT - Performance characteristics. https://www.greenspec.co.uk/building-design/crosslam-timber-performance-characteristics/#:~:text=Density%3A%20480%E2%80%93500%20kg%2F,brick%20or%20concrete%20%2F%20concrete%20blockwork.
A4: Row 67-86: calculation of surface area required for wood production
B5: Primary wood demand kg (2018-2050 | H5: Primary wood demand m3 (2018-2050) | I5: kg/m3* | J5: kg/m3* | K5: kg/m3 | L5: kg/m3 ** | M5: Primary sawlog demand m3 (2018-2050)
I6: 650 | J6: 460 | K6: 650 | L6: 490
C7: =Primary_secondary_demand!R17 -> kg | D7: =Primary_secondary_demand!T17 -> Board hardwood | E7: =Primary_secondary_demand!U17 -> Beam softwood | F7: =Primary_secondary_demand!V17 -> Beam hardwood | G7: CLT | H7: m3 | I7: Board hard | J7: Beam soft | K7: Beam hard | L7: CLT | M7: m3 sawlog | N7: Board hard | O7: Beam soft | P7: Beam hard | Q7: CLT
C8: =Primary_secondary_demand!R18 -> Baseline | D8: =Primary_secondary_demand!T18 -> 2.6103367e+09 | E8: =Primary_secondary_demand!U18 -> 7.729497e+09 | F8: =Primary_secondary_demand!V18 -> 4.1620368e+09 | G8: 0 | H8: Baseline | I8: =D8/I6 -> 4015902.6 | J8: =E8/J6 -> 16803254 | K8: =F8/K6 -> 6403133.6 | L8: 0 | M8: Baseline | N8: =I8*$M$32 -> 6955958.3 | O8: =J8*$M$16 -> 26719159 | P8: =K8*$M$46 -> 10743006 | Q8: 0
C9: =Primary_secondary_demand!R19 -> Biobased | D9: =Primary_secondary_demand!T19 -> 5.016382e+09 | E9: =Primary_secondary_demand!U19 -> 1.4854064e+10 | F9: =Primary_secondary_demand!V19 -> 7.9983424e+09 | G9: =Primary_secondary_demand!W19 -> 2.6955814e+10 | H9: Biobased | I9: =D9/I6 -> 7717510.8 | J9: =E9/J6 -> 32291445 | K9: =F9/K6 -> 12305142 | L9: =G9/L6 -> 55011865 | M9: Biobased | N9: =I9*$M$32 -> 13367526 | O9: =J9*$M$16 -> 51347210 | P9: =K9*$M$46 -> 20645238 | Q9: =L9*M61 -> 1.0901731e+08
C10: =Primary_secondary_demand!R20 -> Circular | D10: =Primary_secondary_demand!T20 -> 3.7962041e+09 | E10: =Primary_secondary_demand!U20 -> 1.1240982e+10 | F10: =Primary_secondary_demand!V20 -> 6.0528366e+09 | G10: 0 | H10: Circular | I10: =D10/I6 -> 5840314 | J10: =E10/J6 -> 24436918 | K10: =F10/K6 -> 9312056.2 | L10: 0 | M10: Circular | N10: =I10*$M$32 -> 10116027 | O10: =J10*$M$16 -> 38857585 | P10: =K10*$M$46 -> 15623519 | Q10: 0
B11: Process tree softwood beam | C11: ! All for 1 m3 of material outut
A12: 1 | B12: cubic meter | C12: sawnwood, beam, softwood, dried (u=20%), planed | D12: planing, beam, softwood, u=20% | E12: Europe without Switzerland
B13: 0.83581169 | C13: cubic meter | D13: sawnwood, beam, softwood, raw, dried (u=20%) | E13: beam, softwood, raw, kiln drying to u=20% | F13: Europe without Switzerland | K13: kiln drying | M13: =B13*C14*D15*SUM(E16:E19) -> 1.2720945
C14: 1.0416667 | D14: cubic meter | E14: sawnwood, softwood, raw | F14: sawing, softwood | G14: Europe without Switzerland | K14: air drying | M14: =B20*C21*D22*SUM(E23:E26) -> 0.31802362
D15: 1.4611075 | E15: cubic meter | F15: sawlog and veneer log, softwood, measured as solid wood under bark | G15: market for sawlog and veneer log, softwood, measured as solid wood under bark | H15: Europe without Switzerland
E16: 0.11522377 | F16: cubic meter | G16: sawlog and veneer log, softwood, measured as solid wood under bark | H16: softwood forestry, pine, sustainable forest management | I16: DE | K16: sawlog needed for 1 m3 of planed softwood | M16: =SUM(M13:M14) -> 1.5901181
E17: 0.24554767 | F17: cubic meter | G17: sawlog and veneer log, softwood, measured as solid wood under bark | H17: softwood forestry, pine, sustainable forest management | I17: SE
E18: 0.33592187 | F18: cubic meter | G18: sawlog and veneer log, softwood, measured as solid wood under bark | H18: softwood forestry, spruce, sustainable forest management | I18: DE
E19: 0.3033067 | F19: cubic meter | G19: sawlog and veneer log, softwood, measured as solid wood under bark | H19: softwood forestry, spruce, sustainable forest management | I19: SE
B20: 0.20895292 | C20: cubic meter | D20: sawnwood, beam, softwood, raw, dried (u=20%) | E20: beam, softwood, raw, air drying to u=20% | F20: Europe without Switzerland
C21: 1.0416667 | D21: cubic meter | E21: sawnwood, softwood, raw | F21: sawing, softwood | G21: Europe without Switzerland
D22: 1.4611075 | E22: cubic meter | F22: sawlog and veneer log, softwood, measured as solid wood under bark | G22: market for sawlog and veneer log, softwood, measured as solid wood under bark
E23: 0.11522377 | F23: cubic meter | G23: sawlog and veneer log, softwood, measured as solid wood under bark | H23: softwood forestry, pine, sustainable forest management | I23: DE
E24: 0.24554767 | F24: cubic meter | G24: sawlog and veneer log, softwood, measured as solid wood under bark | H24: softwood forestry, pine, sustainable forest management | I24: SE
E25: 0.33592187 | F25: cubic meter | G25: sawlog and veneer log, softwood, measured as solid wood under bark | H25: softwood forestry, spruce, sustainable forest management | I25: DE
E26: 0.3033067 | F26: cubic meter | G26: sawlog and veneer log, softwood, measured as solid wood under bark | H26: softwood forestry, spruce, sustainable forest management | I26: SE
B27: Process tree hardwood board | C27: ! All for 1 m3 of material outut
A28: 1 | B28: cubic meter | C28: sawnwood, board, hardwood, dried (u=20%), planed
B29: 0.21619113 | C29: cubic meter | D29: sawnwood, board, hardwood, raw, dried (u=20%) | E29: board, hardwood, raw, air drying to u=20% | F29: Europe without Switzerland | K29: air drying | M29: =B29*C30*D31*SUM(E32:E34) -> 0.34642067
C30: 1.0416667 | D30: cubic meter | E30: sawnwood, hardwood, raw | F30: sawing, hardwood | G30: Europe without Switzerland | K30: kiln drying | M30: =B35*C36*D37*SUM(E38:E40) -> 1.3856827
D31: 1.5382862 | E31: cubic meter | F31: sawlog and veneer log, hardwood, measured as solid wood under bark | G31: market for sawlog and veneer log, hardwood, measured as solid wood under bark
E32: 0.76354242 | F32: cubic meter | G32: sawlog and veneer log, hardwood, measured as solid wood under bark | K32: sawlog needed for 1 m3 of planed softwood | M32: =SUM(M29:M30) -> 1.7321033
E33: 0.055964414 | F33: cubic meter | G33: sawlog and veneer log, hardwood, measured as solid wood under bark
E34: 0.18049317 | F34: cubic meter | G34: sawlog and veneer log, hardwood, measured as solid wood under bark
B35: 0.86476453 | C35: cubic meter | D35: sawnwood, board, hardwood, raw, dried (u=20%) | E35: board, hardwood, raw, kiln drying to u=20% | F35: Europe without Switzerland
C36: 1.0416667 | D36: cubic meter | E36: sawnwood, hardwood, raw | F36: sawing, hardwood | G36: Europe without Switzerland
D37: 1.5382862 | E37: cubic meter | F37: sawlog and veneer log, hardwood, measured as solid wood under bark | G37: market for sawlog and veneer log, hardwood, measured as solid wood under bark | H37: Europe without Switzerland
E38: 0.76354242 | F38: cubic meter | G38: sawlog and veneer log, hardwood, measured as solid wood under bark | H38: hardwood forestry, beech, sustainable forest management | I38: DE
E39: 0.055964414 | F39: cubic meter | G39: sawlog and veneer log, hardwood, measured as solid wood under bark | H39: hardwood forestry, birch, sustainable forest management | I39: SE
E40: 0.18049317 | F40: cubic meter | G40: sawlog and veneer log, hardwood, measured as solid wood under bark | H40: hardwood forestry, oak, sustainable forest management | I40: DE
B41: Process tree hardwood beam | C41: ! All for 1 m3 of material outut
A42: 1 | B42: cubic meter | C42: sawnwood, beam, hardwood, dried (u=20%), planed | D42: planing, beam, hardwood, u=20% | E42: Europe without Switzerland
B43: 0.83763986 | C43: cubic meter | D43: sawnwood, beam, hardwood, raw, dried (u=20%) | E43: beam, hardwood, raw, kiln drying to u=20% | F43: Europe without Switzerland | K43: kiln drying | M43: =B43*C44*D45*(SUM(E46:E48)) -> 1.3422186
C44: 1.0416667 | D44: cubic meter | E44: sawnwood, hardwood, raw | F44: sawing, hardwood | G44: Europe without Switzerland | H44: cutoff38 - Janneke | K44: air dyring | M44: =B49*C50*D51*SUM(E52:E54) -> 0.33555465
D45: 1.5382862 | E45: cubic meter | F45: sawlog and veneer log, hardwood, measured as solid wood under bark | G45: market for sawlog and veneer log, hardwood, measured as solid wood under bark | H45: Europe without Switzerland
E46: 0.76354242 | F46: cubic meter | G46: sawlog and veneer log, hardwood, measured as solid wood under bark | H46: hardwood forestry, beech, sustainable forest management | I46: DE | K46: sawlog needed for 1 m3 of planed softwood | M46: =M43+M44 -> 1.6777732
E47: 0.055964414 | F47: cubic meter | G47: sawlog and veneer log, hardwood, measured as solid wood under bark | H47: hardwood forestry, birch, sustainable forest management | I47: SE
E48: 0.18049317 | F48: cubic meter | G48: sawlog and veneer log, hardwood, measured as solid wood under bark | H48: hardwood forestry, oak, sustainable forest management | I48: DE
B49: 0.20940996 | C49: cubic meter | D49: sawnwood, beam, hardwood, raw, dried (u=20%) | E49: beam, hardwood, raw, air drying to u=20% | F49: Europe without Switzerland
C50: 1.0416667 | D50: cubic meter | E50: sawnwood, hardwood, raw | F50: sawing, hardwood | G50: Europe without Switzerland
D51: 1.5382862 | E51: cubic meter | F51: sawlog and veneer log, hardwood, measured as solid wood under bark | G51: market for sawlog and veneer log, hardwood, measured as solid wood under bark | H51: Europe without Switzerland
E52: 0.76354242 | F52: cubic meter | G52: sawlog and veneer log, hardwood, measured as solid wood under bark | H52: hardwood forestry, beech, sustainable forest management | I52: DE
E53: 0.055964414 | F53: cubic meter | G53: sawlog and veneer log, hardwood, measured as solid wood under bark | H53: hardwood forestry, birch, sustainable forest management | I53: SE
E54: 0.18049317 | F54: cubic meter | G54: sawlog and veneer log, hardwood, measured as solid wood under bark | H54: hardwood forestry, oak, sustainable forest management | I54: DE
B55: Process tree CLT | C55: ! All for 1 m3 of material outut
A56: 1 | B56: cubic meter | C56: cross-laminated timber | D56: cross-laminated timber production | E56: RER
B57: 0.8444844 | C57: cubic meter | D57: sawnwood, board, softwood, raw, dried (u=10%) | E57: market for sawnwood, board, softwood, raw, dried (u=10%) | K57: Sawnwood EU | M57: =B57*C58*D59 -> 1.3411766
C58: 1.0869565 | D58: cubic meter | E58: sawnwood, softwood, raw | F58: sawing, softwood | G58: Europe without Switzerland | K58: Sawnwood CH | M58: =B60*C61*D62 -> 0.057421919
D59: 1.4611075 | E59: cubic meter | F59: sawlog and veneer log, softwood, measured as solid wood under bark | G59: market for sawlog and veneer log, softwood, measured as solid wood under bark | H59: Europe without Switzerland | I59: =SUM(B57:B64) -> 1.4628339 | K59: Sawlog EU | M59: =B63 -> 0.55587803
B60: 0.03524256 | C60: cubic meter | D60: sawnwood, board, softwood, raw, dried (u=10%) | E60: market for sawnwood, board, softwood, raw, dried (u=10%) | I60: =B57*C58*D59 -> 1.3411766 | K60: Sawlog CH | M60: =B64 -> 0.027228951
C61: 1.0869565 | D61: cubic meter | E61: sawnwood, softwood, raw | F61: sawing, softwood | G61: CH | K61: sawlog needed for 1 m3 of CLT | M61: =SUM(M57:M60) -> 1.9817055
D62: 1.4989877 | E62: cubic meter | F62: sawlog and veneer log, softwood, measured as solid wood under bark | G62: market for sawlog and veneer log, softwood, measured as solid wood under bark | H62: CH
B63: 0.55587803 | C63: cubic meter | D63: sawlog and veneer log, softwood, measured as solid wood under bark | E63: market for sawlog and veneer log, softwood, measured as solid wood under bark
B64: 0.027228951 | C64: cubic meter | D64: sawlog and veneer log, softwood, measured as solid wood under bark | E64: market for sawlog and veneer log, softwood, measured as solid wood under bark
B67: Hardwood | C67: Softwood
A68: Yield (m3/m2) (excluding bark)* | B68: =(0.0214+0.02771)/2 -> 0.024555 | C68: =(0.0694+0.0384)/2 -> 0.0539
A69: rotation period (years) * | B69: 140 | C69: 110
A71: Yield (m3/m2) (excluding bark)/year * | B71: =B68/B69 -> 0.00017539286 | C71: =C68/C69 -> 0.00049
D72: Total
A73: Demand (m3/year): Baseline | B73: =(N8+P8)/32 -> 553092.64 | C73: =O8/32 -> 834973.71 | D73: =B73+C73 -> 1388066.4
A74: Demand (m3/year): Biobased | B74: =(N9+P9)/32 -> 1062898.9 | C74: =(O9+Q9)/32 -> 5011391.4 | D74: =B74+C74 -> 6074290.3
A75: Demand (m3/year): Circular | B75: =(N10+P10)/32 -> 804360.82 | C75: =O10/32 -> 1214299.5 | D75: =B75+C75 -> 2018660.4
A76: Land occupation (m2) | E76: km2
A77: Conventional | B77: =B73/B$71 -> 3.1534502e+09 | C77: =C73/C$71 -> 1.704028e+09 | D77: =B77+C77 -> 4.8574782e+09 | E77: =D77/1000000 -> 4857.4782
A78: Biobased | B78: =B74/B$71 -> 6.0601036e+09 | C78: =C74/C$71 -> 1.0227329e+10 | D78: =B78+C78 -> 1.6287433e+10 | E78: =D78/1000000 -> 16287.433
A79: Circular | B79: =B75/B$71 -> 4.5860523e+09 | C79: =C75/C$71 -> 2.4781623e+09 | D79: =B79+C79 -> 7.0642146e+09 | E79: =D79/1000000 -> 7064.2146
A81: Surface area NL | B81: 41543000000 | C81: m2
A83: % of NL needed for wood production | D83: Total
A84: Baseline | B84: =B77/B$81 -> 0.0759081 | C84: =C77/B$81 -> 0.041018414 | D84: =B84+C84 -> 0.11692651
A85: Biobased | B85: =B78/B$81 -> 0.14587545 | C85: =C78/B$81 -> 0.24618659 | D85: =B85+C85 -> 0.39206203
A86: Circular | B86: =B79/B$81 -> 0.1103929 | C86: =C79/B$81 -> 0.059652945 | D86: =B86+C86 -> 0.17004585

Sheet BAU_RR
B1: UFA | C1: MI | D1: WLO | E1: Urbanization scenario | F1: Concrete | G1: Clay brick | H1: Other construction materials | I1: Steel & iron | J1: Stone wool | K1: Glass wool | L1: EPS | M1: XPS | N1: PUR | O1: Wooden fibers | P1: Ceramics | Q1: Glass | R1: Glass glass wool | S1: Wood | T1: Wood beam | U1: Wood board | V1: Other | W1: Plastics | X1: Aluminum | Y1: Copper | Z1: Other metals | AA1: Other biobased materials
A2: 0 | B2: Conventional | C2: Conventional | D2: High | E2: Urban | F2: 40229044 | G2: 101410.7 | H2: 11110902 | I2: 6036923.4 | J2: 5690.4033 | K2: 13145.745 | L2: 2054.0226 | M2: 0 | N2: 0 | O2: 0 | P2: 5239.7278 | Q2: 34463.004 | R2: 203001.26 | T2: 611571.53 | U2: 429591.71 | V2: 0 | W2: 44585.94 | X2: 195883.8 | Y2: 37003.976 | Z2: 49651.048 | AA2: 0
A3: 1 | B3: Conventional | C3: Conventional | D3: High | E3: Connected | F3: 22296710 | G3: 48302.137 | H3: 4958528.7 | I3: 3802488.3 | J3: 3414.4443 | K3: 7887.9141 | L3: 1232.4866 | M3: 0 | N3: 0 | O3: 0 | P3: 3021.2334 | Q3: 20696.475 | R3: 121910.74 | T3: 295461.09 | U3: 207543.4 | V3: 0 | W3: 25205.59 | X3: 158528.73 | Y3: 17750.205 | Z3: 46795.464 | AA3: 0
A4: 2 | B4: Conventional | C4: Conventional | D4: High | E4: Rural | F4: 457464.01 | G4: 1073.672 | H4: 74631.761 | I4: 109278.88 | J4: 111.56861 | K4: 257.74138 | L4: 40.27209 | M4: 0 | N4: 0 | O4: 0 | P4: 69.228746 | Q4: 256.05921 | R4: 1508.294 | T4: 8577.1241 | U4: 6024.9067 | V4: 0 | W4: 749.14251 | X4: 1515.5118 | Y4: 464.72047 | Z4: 1029.9377 | AA4: 0
A5: 3 | B5: Conventional | C5: Conventional | D5: Low | E5: Urban | F5: 17296639 | G5: 44793.922 | H5: 4759241.2 | I5: 2508261.3 | J5: 2383.0301 | K5: 5505.1817 | L5: 860.18465 | M5: 0 | N5: 0 | O5: 0 | P5: 2233.0077 | Q5: 14148.331 | R5: 83339.486 | T5: 276637.91 | U5: 194321.26 | V5: 0 | W5: 18806.859 | X5: 75456.011 | Y5: 15531.215 | Z5: 22349.359 | AA5: 0
A6: 4 | B6: Conventional | C6: Conventional | D6: Low | E6: Connected | F6: 10771795 | G6: 25566.108 | H6: 2392799.4 | I6: 1692921.6 | J6: 1586.3463 | K6: 3664.7145 | L6: 572.61164 | M6: 0 | N6: 0 | O6: 0 | P6: 1452.5245 | Q6: 9108.543 | R6: 53653.062 | T6: 160185.12 | U6: 112520.28 | V6: 0 | W6: 11456.978 | X6: 63090.464 | Y6: 8287.7365 | Z6: 21489.371 | AA6: 0
A7: 5 | B7: Conventional | C7: Conventional | D7: Low | E7: Rural | F7: 71544.957 | G7: 325.69916 | H7: 18207.191 | I7: 12704.005 | J7: 12.419808 | K7: 28.69175 | L7: 4.4830859 | M7: 0 | N7: 0 | O7: 0 | P7: 21.274658 | Q7: 63.475977 | R7: 373.89959 | T7: 2186.313 | U7: 1535.7515 | V7: 0 | W7: 79.691242 | X7: 277.28426 | Y7: 85.062154 | Z7: 261.2949 | AA7: 0
A8: 6 | B8: High | C8: Conventional | D8: High | E8: Urban | F8: 40229044 | G8: 101410.7 | H8: 11110902 | I8: 6036923.4 | J8: 5690.4033 | K8: 13145.745 | L8: 2054.0226 | M8: 0 | N8: 0 | O8: 0 | P8: 5239.7278 | Q8: 34463.004 | R8: 203001.26 | T8: 611571.53 | U8: 429591.71 | V8: 0 | W8: 44585.94 | X8: 195883.8 | Y8: 37003.976 | Z8: 56530.177 | AA8: 0
A9: 7 | B9: High | C9: Conventional | D9: High | E9: Connected | F9: 22296710 | G9: 48302.137 | H9: 4958528.7 | I9: 3802488.3 | J9: 3414.4443 | K9: 7887.9141 | L9: 1232.4866 | M9: 0 | N9: 0 | O9: 0 | P9: 3021.2334 | Q9: 20696.475 | R9: 121910.74 | T9: 295461.09 | U9: 207543.4 | V9: 0 | W9: 25205.59 | X9: 158528.73 | Y9: 17750.205 | Z9: 53160.538 | AA9: 0
A10: 8 | B10: High | C10: Conventional | D10: High | E10: Rural | F10: 457464.01 | G10: 1073.672 | H10: 74631.761 | I10: 109278.88 | J10: 111.56861 | K10: 257.74138 | L10: 40.27209 | M10: 0 | N10: 0 | O10: 0 | P10: 69.228746 | Q10: 256.05921 | R10: 1508.294 | T10: 8577.1241 | U10: 6024.9067 | V10: 0 | W10: 749.14251 | X10: 1515.5118 | Y10: 464.72047 | Z10: 1029.9377 | AA10: 0
A11: 9 | B11: High | C11: Conventional | D11: Low | E11: Urban | F11: 17296639 | G11: 44793.922 | H11: 4759241.2 | I11: 2508261.3 | J11: 2383.0301 | K11: 5505.1817 | L11: 860.18465 | M11: 0 | N11: 0 | O11: 0 | P11: 2233.0077 | Q11: 14148.331 | R11: 83339.486 | T11: 276637.91 | U11: 194321.26 | V11: 0 | W11: 18806.859 | X11: 75456.011 | Y11: 15531.215 | Z11: 25348.382 | AA11: 0
A12: 10 | B12: High | C12: Conventional | D12: Low | E12: Connected | F12: 10771795 | G12: 25566.108 | H12: 2392799.4 | I12: 1692921.6 | J12: 1586.3463 | K12: 3664.7145 | L12: 572.61164 | M12: 0 | N12: 0 | O12: 0 | P12: 1452.5245 | Q12: 9108.543 | R12: 53653.062 | T12: 160185.12 | U12: 112520.28 | V12: 0 | W12: 11456.978 | X12: 63090.464 | Y12: 8287.7365 | Z12: 24326.966 | AA12: 0
A13: 11 | B13: High | C13: Conventional | D13: Low | E13: Rural | F13: 71544.957 | G13: 325.69916 | H13: 18207.191 | I13: 12704.005 | J13: 12.419808 | K13: 28.69175 | L13: 4.4830859 | M13: 0 | N13: 0 | O13: 0 | P13: 21.274658 | Q13: 63.475977 | R13: 373.89959 | T13: 2186.313 | U13: 1535.7515 | V13: 0 | W13: 79.691242 | X13: 277.28426 | Y13: 85.062154 | Z13: 261.2949 | AA13: 0
... A55: 53 | B55: Low | C55: Circular | D55: Low | E55: Rural | F55: 71544.957 | G55: 325.69916 | H55: 18207.191 | I55: 12704.005 | J55: 12.419808 | K55: 28.69175 | L55: 12.419808 | M55: 0 | N55: 0 | O55: 0.16604022 | P55: 21.274658 | Q55: 63.475977 | R55: 373.89959 | T55: 2186.313 | U55: 1535.7515 | V55: 0 | W55: 79.691242 | X55: 277.28426 | Y55: 85.062154 | Z55: 261.2949 | AA55: 0

Sheet Current_best_RR
B1: UFA | C1: MI | D1: WLO | E1: Urbanization scenario | F1: Concrete | G1: Clay brick | H1: Other construction materials | I1: Steel & iron | J1: Stonewool | K1: Glasswool | L1: EPS | M1: XPS | N1: PUR | O1: Woodfibers | P1: Ceramics | Q1: Glass | R1: Glass glasswool | S1: Wood | T1: Wooden beam | U1: Wooden board | V1: Other | W1: Plastics | X1: Aluminum | Y1: Copper | Z1: Other metals | AA1: Other biobased materials
A2: 0 | B2: Conventional | C2: Conventional | D2: High | E2: Urban | F2: 63590121 | G2: 9634016.1 | H2: 13190597 | I2: 6372308 | J2: 225942.49 | K2: 369724.07 | L2: 161483.76 | M2: 0 | N2: 0 | O2: 0 | P2: 497774.14 | Q2: 472095.95 | R2: 0 | T2: 2446286.1 | U2: 536989.64 | V2: 0 | W2: 160509.38 | X2: 206766.24 | Y2: 43942.221 | Z2: 49651.048 | AA2: 0
A3: 1 | B3: Conventional | C3: Conventional | D3: High | E3: Connected | F3: 35244449 | G3: 4588703 | H3: 7837955.1 | I3: 4013737.7 | J3: 135573.52 | K3: 221847.58 | L3: 166385.69 | M3: 0 | N3: 0 | O3: 0 | P3: 287017.18 | Q3: 283513.35 | R3: 0 | T3: 1181844.3 | U3: 259429.25 | V3: 0 | W3: 90740.122 | X3: 167335.88 | Y3: 21078.368 | Z3: 46795.464 | AA3: 0
A4: 2 | B4: Conventional | C4: Conventional | D4: High | E4: Rural | F4: 723114.16 | G4: 101998.84 | H4: 117970.56 | I4: 115349.93 | J4: 4429.9299 | K4: 7248.9762 | L4: 5436.7322 | M4: 0 | N4: 0 | O4: 0 | P4: 6576.7308 | Q4: 3507.6605 | R4: 0 | T4: 34308.496 | U4: 7531.1333 | V4: 0 | W4: 2696.913 | X4: 1599.7068 | Y4: 551.85556 | Z4: 1087.1564 | AA4: 0
A5: 3 | B5: Conventional | C5: Conventional | D5: Low | E5: Urban | F5: 27340828 | G5: 4255422.6 | H5: 5578414.8 | I5: 2647609.1 | J5: 94620.311 | K5: 154833.24 | L5: 62450.327 | M5: 0 | N5: 0 | O5: 0 | P5: 212135.73 | Q5: 193812.76 | R5: 0 | T5: 1106551.6 | U5: 242901.58 | V5: 0 | W5: 67704.691 | X5: 79648.012 | Y5: 18443.318 | Z5: 22349.359 | AA5: 0
A6: 4 | B6: Conventional | C6: Conventional | D6: Low | E6: Connected | F6: 17026996 | G6: 2428780.2 | H6: 3782302.2 | I6: 1786972.7 | J6: 62987.28 | K6: 103070.09 | L6: 64679.308 | M6: 0 | N6: 0 | O6: 0 | P6: 137989.83 | Q6: 124774.56 | R6: 0 | T6: 640740.47 | U6: 140650.35 | V6: 0 | W6: 41245.12 | X6: 66595.49 | Y6: 9841.6871 | Z6: 21489.371 | AA6: 0
A7: 5 | B7: Conventional | C7: Conventional | D7: Low | E7: Rural | F7: 113091.24 | G7: 30941.42 | H7: 28780.14 | I7: 13409.783 | J7: 493.13945 | K7: 806.95547 | L7: 605.2166 | M7: 0 | N7: 0 | O7: 0 | P7: 2021.0926 | Q7: 869.53393 | R7: 0 | T7: 8745.2519 | U7: 1919.6894 | V7: 0 | W7: 286.88847 | X7: 292.68894 | Y7: 101.01131 | Z7: 275.81129 | AA7: 0
A8: 6 | B8: High | C8: Conventional | D8: High | E8: Urban | F8: 63590121 | G8: 9634016.1 | H8: 15345192 | I8: 6372308 | J8: 225942.49 | K8: 369724.07 | L8: 189945.83 | M8: 0 | N8: 0 | O8: 0 | P8: 497774.14 | Q8: 472095.95 | R8: 0 | T8: 2446286.1 | U8: 536989.64 | V8: 0 | W8: 160509.38 | X8: 206766.24 | Y8: 43942.221 | Z8: 56530.177 | AA8: 0
A9: 7 | B9: High | C9: Conventional | D9: High | E9: Connected | F9: 35244449 | G9: 4588703 | H9: 7837955.1 | I9: 4013737.7 | J9: 135573.52 | K9: 221847.58 | L9: 166385.69 | M9: 0 | N9: 0 | O9: 0 | P9: 287017.18 | Q9: 283513.35 | R9: 0 | T9: 1181844.3 | U9: 259429.25 | V9: 0 | W9: 90740.122 | X9: 167335.88 | Y9: 21078.368 | Z9: 53160.538 | AA9: 0
A10: 8 | B10: High | C10: Conventional | D10: High | E10: Rural | F10: 723114.16 | G10: 101998.84 | H10: 117970.56 | I10: 115349.93 | J10: 4429.9299 | K10: 7248.9762 | L10: 5436.7322 | M10: 0 | N10: 0 | O10: 0 | P10: 6576.7308 | Q10: 3507.6605 | R10: 0 | T10: 34308.496 | U10: 7531.1333 | V10: 0 | W10: 2696.913 | X10: 1599.7068 | Y10: 551.85556 | Z10: 1087.1564 | AA10: 0
A11: 9 | B11: High | C11: Conventional | D11: Low | E11: Urban | F11: 27340828 | G11: 4255422.6 | H11: 6476547.8 | I11: 2647609.1 | J11: 94620.311 | K11: 154833.24 | L11: 73957.081 | M11: 0 | N11: 0 | O11: 0 | P11: 212135.73 | Q11: 193812.76 | R11: 0 | T11: 1106551.6 | U11: 242901.58 | V11: 0 | W11: 67704.691 | X11: 79648.012 | Y11: 18443.318 | Z11: 25348.382 | AA11: 0
A12: 10 | B12: High | C12: Conventional | D12: Low | E12: Connected | F12: 17026996 | G12: 2428780.2 | H12: 3782302.2 | I12: 1786972.7 | J12: 62987.28 | K12: 103070.09 | L12: 76615.71 | M12: 0 | N12: 0 | O12: 0 | P12: 137989.83 | Q12: 124774.56 | R12: 0 | T12: 640740.47 | U12: 140650.35 | V12: 0 | W12: 41245.12 | X12: 66595.49 | Y12: 9841.6871 | Z12: 24326.966 | AA12: 0
A13: 11 | B13: High | C13: Conventional | D13: Low | E13: Rural | F13: 113091.24 | G13: 30941.42 | H13: 28780.14 | I13: 13409.783 | J13: 493.13945 | K13: 806.95547 | L13: 605.2166 | M13: 0 | N13: 0 | O13: 0 | P13: 2021.0926 | Q13: 869.53393 | R13: 0 | T13: 8745.2519 | U13: 1919.6894 | V13: 0 | W13: 286.88847 | X13: 292.68894 | Y13: 101.01131 | Z13: 275.81129 | AA13: 0
... A55: 53 | B55: Low | C55: Circular | D55: Low | E55: Rural | F55: 113091.24 | G55: 30941.42 | H55: 28780.14 | I55: 13409.783 | J55: 493.13945 | K55: 806.95547 | L55: 493.13945 | M55: 0 | N55: 0 | O55: 22.41543 | P55: 2021.0926 | Q55: 869.53393 | R55: 0 | T55: 8745.2519 | U55: 1919.6894 | V55: 0 | W55: 286.88847 | X55: 292.68894 | Y55: 101.01131 | Z55: 275.81129 | AA55: 0

Sheet Current_best_RR_II
A1: WLO High + Urban (tonne) | B1: MI | C1: Demand | D1: =Demand!E1 -> Concrete | E1: Clay brick | F1: Other construction materials | G1: Steel & iron | H1: Stone wool | I1: Glass wool | J1: EPS | K1: XPS | L1: PUR | M1: Wood fibre insulation | N1: Ceramics | O1: Glass | P1: Glass glasswool | Q1: Wood beam | R1: Wood board | S1: Wood CLT | T1: Other | U1: Plastics | V1: Aluminum | W1: Copper | X1: Other metals | Y1: Other biobased materials
B2: Conventional | C2: Demand | D2: =Demand!E2 -> 3.6681398e+08 | E2: =Demand!F2 -> 51212318 | F2: =Demand!G2 -> 35650261 | G2: =Demand!H2 -> 8309761.2 | H2: =Demand!J2 -> 1096494.7 | I2: =Demand!K2 -> 1844104.6 | J2: =Demand!L2 -> 1345698 | K2: =Demand!M2 -> 299044 | L2: =Demand!N2 -> 398725.33 | M2: =Demand!O2 -> 0 | N2: =Demand!P2 -> 2974185.6 | O2: =Demand!Q2 -> 2331258.5 | P2: 0 | Q2: =Demand!S2 -> 14337820 | R2: =Demand!T2 -> 3147326.3 | S2: =Demand!U2 -> 0 | T2: =Demand!V2 -> 927122.11 | U2: =Demand!W2 -> 838200.17 | V2: =Demand!X2 -> 513572.42 | W2: =Demand!Y2 -> 142195.35 | X2: =Demand!Z2 -> 49651.048 | Y2: =Demand!AA2 -> 101327.11
C3: Outflow | D3: =Demolition!C2 -> 1.4115454e+08 | E3: =Demolition!D2 -> 10141070 | F3: =Demolition!E2 -> 38985621 | G3: =Demolition!F2 -> 6707692.7 | H3: =Demolition!H2 -> 334729.61 | I3: =Demolition!I2 -> 547739.36 | J3: =Demolition!J2 -> 410804.52 | K3: =Demolition!K2 -> 91289.893 | L3: =Demolition!L2 -> 121719.86 | M3: =Demolition!M2 -> 15214.982 | N3: =Demolition!N2 -> 523972.78 | O3: =Demolition!O2 -> 496943.11 | P3: 0 | Q3: =Demolition!Q2 -> 2575038 | R3: =Demolition!R2 -> 565252.25 | S3: 0 | T3: =Demolition!S2 -> 273957.8 | U3: =Demolition!T2 -> 178343.76 | V3: =Demolition!U2 -> 217648.67 | W3: =Demolition!V2 -> 46254.97 | X3: =Demolition!W2 -> 145576.03 | Y3: =Demolition!X2 -> 0
C4: Secondary | D4: =Current_best_RR!F2 -> 63590121 | E4: =Current_best_RR!G2 -> 9634016.1 | F4: =Current_best_RR!H2 -> 13190597 | G4: =Current_best_RR!I2 -> 6372308 | H4: =Current_best_RR!J2 -> 225942.49 | I4: =Current_best_RR!K2 -> 369724.07 | J4: =Current_best_RR!L2 -> 161483.76 | K4: =Current_best_RR!M2 -> 0 | ... P4: =Current_best_RR!R2 -> 0 | Q4: =Current_best_RR!T2 -> 2446286.1 | R4: =Current_best_RR!U2 -> 536989.64 | S4: 0 | T4: =Current_best_RR!V2 -> 0 | U4: =Current_best_RR!W2 -> 160509.38 | V4: =Current_best_RR!X2 -> 206766.24 | W4: =Current_best_RR!Y2 -> 43942.221 | X4: =Current_best_RR!Z2 -> 49651.048 | Y4: =Current_best_RR!AA2 -> 0
B5: Biobased | C5: Demand | D5: =Demand!E20 -> 1.2080998e+08 | E5: =Demand!F20 -> 13721915 | F5: =Demand!G20 -> 36173561 | G5: =Demand!H20 -> 4596201 | H5: =Demand!J20 -> 809830.03 | I5: =Demand!K20 -> 1361986.9 | J5: 0 | K5: =Demand!M20 -> 0 | L5: =Demand!N20 -> 0 | M5: =Demand!O20 -> 1509228.7 | N5: =Demand!P20 -> 2974185.6 | O5: =Demand!Q20 -> 2331258.5 | P5: 0 | Q5: =Demand!S20 -> 25298693 | R5: =Demand!T20 -> 5553371.6 | S5: =Demand!U20 -> 26955814 | T5: =Demand!V20 -> 1254830.1 | U5: =Demand!W20 -> 855982.59 | V5: =Demand!X20 -> 342985.32 | W5: =Demand!Y20 -> 142195.35 | X5: =Demand!Z20 -> 45105.89 | Y5: =Demand!AA20 -> 380362.19
C6: Outflow | D6: =Demolition!C2 -> 1.4115454e+08 | E6: =Demolition!D2 -> 10141070 | F6: =Demolition!E2 -> 38985621 | G6: =Demolition!F2 -> 6707692.7 | H6: =Demolition!H2 -> 334729.61 | I6: =Demolition!I2 -> 547739.36 | J6: =Demolition!J2 -> 410804.52 | K6: =Demolition!K2 -> 91289.893 | L6: =Demolition!L2 -> 121719.86 | M6: =Demolition!M2 -> 15214.982 | N6: =Demolition!N2 -> 523972.78 | O6: =Demolition!O2 -> 496943.11 | P6: 0 | Q6: =Demolition!Q2 -> 2575038 | R6: =Demolition!R2 -> 565252.25 | S6: 0 | T6: =Demolition!S2 -> 273957.8 | U6: =Demolition!T2 -> 178343.76 | V6: =Demolition!U2 -> 217648.67 | W6: =Demolition!V2 -> 46254.97 | X6: =Demolition!W2 -> 145576.03 | Y6: =Demolition!X2 -> 0
C7: Secondary | D7: =Current_best_RR!F20 -> 44699694 | E7: =Current_best_RR!G20 -> 3430478.8 | F7: =Current_best_RR!H20 -> 13384217 | G7: =Current_best_RR!I20 -> 4596201 | H7: =Current_best_RR!J20 -> 225942.49 | I7: =Current_best_RR!K20 -> 369724.07 | J7: 0 | K7: =Current_best_RR!M20 -> 0 | L7: =Current_best_RR!N20 -> 0 | M7: =Current_best_RR!O20 -> 10270.113 | N7: =Current_best_RR!P20 -> 497774.14 | O7: =Current_best_RR!Q20 -> 472095.95 | P7: =Current_best_RR!R20 -> 0 | Q7: =Current_best_RR!T20 -> 2446286.1 | R7: =Current_best_RR!U20 -> 536989.64 | S7: 0 | T7: =Current_best_RR!V20 -> 0 | U7: =Current_best_RR!W20 -> 160509.38 | V7: =Current_best_RR!X20 -> 206766.24 | W7: =Current_best_RR!Y20 -> 43942.221 | X7: =Current_best_RR!Z20 -> 45105.89 | Y7: =Current_best_RR!AA20 -> 0
B8: Circular | C8: Demand | D8: =Demand!E38 -> 1.7361503e+08 | E8: =Demand!F38 -> 24470691 | F8: =Demand!G38 -> 30953691 | G8: =Demand!H38 -> 6965872.6 | H8: =Demand!J38 -> 728619.26 | I8: =Demand!K38 -> 1225405.1 | J8: 0 | K8: =Demand!M38 -> 0 | L8: =Demand!N38 -> 264952.46 | M8: =Demand!O38 -> 1092928.9 | N8: =Demand!P38 -> 2974185.6 | O8: =Demand!Q38 -> 2331258.5 | P8: 0 | Q8: =Demand!S38 -> 19740105 | R8: =Demand!T38 -> 4333193.7 | S8: 0 | T8: =Demand!V38 -> 903266.78 | U8: =Demand!W38 -> 919257.86 | V8: =Demand!X38 -> 340545.81 | W8: =Demand!Y38 -> 142195.35 | X8: =Demand!Z38 -> 49533.206 | Y8: =Demand!AA38 -> 101327.11
C9: Outflow | D9: =Demolition!C2 -> 1.4115454e+08 | E9: =Demolition!D2 -> 10141070 | F9: =Demolition!E2 -> 38985621 | G9: =Demolition!F2 -> 6707692.7 | H9: =Demolition!H2 -> 334729.61 | I9: =Demolition!I2 -> 547739.36 | J9: =Demolition!J2 -> 410804.52 | K9: =Demolition!K2 -> 91289.893 | L9: =Demolition!L2 -> 121719.86 | M9: =Demolition!M2 -> 15214.982 | N9: =Demolition!N2 -> 523972.78 | O9: =Demolition!O2 -> 496943.11 | P9: 0 | Q9: =Demolition!Q2 -> 2575038 | R9: =Demolition!R2 -> 565252.25 | S9: 0 | T9: =Demolition!S2 -> 273957.8 | U9: =Demolition!T2 -> 178343.76 | V9: =Demolition!U2 -> 217648.67 | W9: =Demolition!V2 -> 46254.97 | X9: =Demolition!W2 -> 145576.03 | Y9: =Demolition!X2 -> 0
C10: Secondary | D10: =Current_best_RR!F38 -> 63590121 | E10: =Current_best_RR!G38 -> 6117672.8 | F10: =Current_best_RR!H38 -> 11452865 | G10: =Current_best_RR!I38 -> 6372308 | H10: =Current_best_RR!J38 -> 225942.49 | I10: =Current_best_RR!K38 -> 369724.07 | J10: 0 | K10: =Current_best_RR!M38 -> 0 | L10: =Current_best_RR!N38 -> 0 | M10: =Current_best_RR!O38 -> 10270.113 | N10: =Current_best_RR!P38 -> 497774.14 | O10: =Current_best_RR!Q38 -> 472095.95 | P10: =Current_best_RR!R38 -> 0 | Q10: =Current_best_RR!T38 -> 2446286.1 | R10: =Current_best_RR!U38 -> 536989.64 | S10: 0 | T10: =Current_best_RR!V38 -> 0 | U10: =Current_best_RR!W38 -> 160509.38 | V10: =Current_best_RR!X38 -> 206766.24 | W10: =Current_best_RR!Y38 -> 43942.221 | X10: =Current_best_RR!Z38 -> 49533.206 | Y10: =Current_best_RR!AA38 -> 0
B13: SA
B14: MI | C14: Demand | D14: Concrete | E14: Other construction materials | F14: Clay brick | G14: Steel & iron | H14: Copper | I14: Aluminum | J14: Other metals | K14: Wood | L14: Glass | M14: Ceramics | N14: Plastics | O14: Insulation | P14: Other | Q14: Other biobased materials | S14: Total | T14: % secondary | U14: increase in SA
B15: Conventional | C15: Demand | D15: =D2 -> 3.6681398e+08 | E15: =F2 -> 35650261 | F15: =E2 -> 51212318 | G15: =G2 -> 8309761.2 | H15: =W2 -> 142195.35 | I15: =V2 -> 513572.42 | J15: =X2 -> 49651.048 | K15: =Q2+R2 -> 17485146 | L15: =O2 -> 2331258.5 | M15: =N2 -> 2974185.6 | N15: =U2 -> 838200.17 | O15: =SUM(H2:M2) -> 4984066.6 | P15: =T2 -> 927122.11 | Q15: =Y2 -> 101327.11 | S15: =SUM(D15:Q15) -> 4.9233305e+08
C16: Outflow | D16: =D3 -> 1.4115454e+08 | E16: =F3 -> 38985621 | F16: =E3 -> 10141070 | G16: =G3 -> 6707692.7 | H16: =W3 -> 46254.97 | I16: =V3 -> 217648.67 | J16: =X3 -> 145576.03 | K16: =Q3+R3 -> 3140290.3 | L16: =O3 -> 496943.11 | M16: =N3 -> 523972.78 | N16: =U3 -> 178343.76 | O16: =SUM(H3:M3) -> 1521498.2 | P16: =T3 -> 273957.8 | Q16: =Y3 -> 0 | S16: =SUM(D16:Q16) -> 2.0353341e+08
C17: Secondary | D17: =D4 -> 63590121 | E17: =F4 -> 13190597 | F17: =E4 -> 9634016.1 | G17: =G4 -> 6372308 | H17: =W4 -> 43942.221 | I17: =V4 -> 206766.24 | J17: =X4 -> 49651.048 | K17: =Q4+R4 -> 2983275.8 | L17: =O4 -> 472095.95 | M17: =N4 -> 497774.14 | N17: =U4 -> 160509.38 | O17: =SUM(H4:M4)+P4 -> 757150.31 | P17: =T4 -> 0 | Q17: =Y4 -> 0 | S17: =SUM(D17:Q17) -> 97958207 | T17: =S17/S15 -> 0.19896736 | U17: =T17-T30 -> 0.078906026
B18: Biobased | C18: Demand | D18: =D5 -> 1.2080998e+08 | E18: =F5 -> 36173561 | F18: =E5 -> 13721915 | G18: =G5 -> 4596201 | H18: =W5 -> 142195.35 | I18: =V5 -> 342985.32 | J18: =X5 -> 45105.89 | K18: =Q5+R5+S5 -> 57807878 | L18: =O5 -> 2331258.5 | M18: =N5 -> 2974185.6 | N18: =U5 -> 855982.59 | O18: =SUM(H5:M5) -> 3681045.6 | P18: =T5 -> 1254830.1 | Q18: =Y5 -> 380362.19 | S18: =SUM(D18:Q18) -> 2.4511749e+08
C19: Outflow | D19: =D6 -> 1.4115454e+08 | E19: =F6 -> 38985621 | F19: =E6 -> 10141070 | G19: =G6 -> 6707692.7 | H19: =W6 -> 46254.97 | I19: =V6 -> 217648.67 | J19: =X6 -> 145576.03 | K19: =Q6+R6 -> 3140290.3 | L19: =O6 -> 496943.11 | M19: =N6 -> 523972.78 | N19: =U6 -> 178343.76 | O19: =SUM(H6:M6) -> 1521498.2 | P19: =T6 -> 273957.8 | Q19: =Y6 -> 0 | S19: =SUM(D19:Q19) -> 2.0353341e+08
C20: Secondary | D20: =D7 -> 44699694 | E20: =F7 -> 13384217 | F20: =E7 -> 3430478.8 | G20: =G7 -> 4596201 | H20: =W7 -> 43942.221 | I20: =V7 -> 206766.24 | J20: =X7 -> 45105.89 | K20: =Q7+R7 -> 2983275.8 | L20: =O7 -> 472095.95 | M20: =N7 -> 497774.14 | N20: =U7 -> 160509.38 | O20: =SUM(H7:M7)+P7 -> 605936.66 | P20: =T7 -> 0 | Q20: =Y7 -> 0 | S20: =SUM(D20:Q20) -> 71125998 | T20: =S20/S18 -> 0.29017104 | U20: =T20-T33 -> 0.05492501
B21: Circular | C21: Demand | D21: =D8 -> 1.7361503e+08 | E21: =F8 -> 30953691 | F21: =E8 -> 24470691 | G21: =G8 -> 6965872.6 | H21: =W8 -> 142195.35 | I21: =V8 -> 340545.81 | J21: =X8 -> 49533.206 | K21: =Q8+R8 -> 24073299 | L21: =O8 -> 2331258.5 | M21: =N8 -> 2974185.6 | N21: =U8 -> 919257.86 | O21: =SUM(H8:M8) -> 3311905.7 | P21: =T8 -> 903266.78 | Q21: =Y8 -> 101327.11 | S21: =SUM(D21:Q21) -> 2.7115206e+08
C22: Outflow | D22: =D9 -> 1.4115454e+08 | E22: =F9 -> 38985621 | F22: =E9 -> 10141070 | G22: =G9 -> 6707692.7 | H22: =W9 -> 46254.97 | I22: =V9 -> 217648.67 | J22: =X9 -> 145576.03 | K22: =Q9+R9 -> 3140290.3 | L22: =O9 -> 496943.11 | M22: =N9 -> 523972.78 | N22: =U9 -> 178343.76 | O22: =SUM(H9:M9) -> 1521498.2 | P22: =T9 -> 273957.8 | Q22: =Y9 -> 0 | S22: =SUM(D22:Q22) -> 2.0353341e+08
C23: Secondary | D23: =D10 -> 63590121 | E23: =F10 -> 11452865 | F23: =E10 -> 6117672.8 | G23: =G10 -> 6372308 | H23: =W10 -> 43942.221 | I23: =V10 -> 206766.24 | J23: =X10 -> 49533.206 | K23: =Q10+R10 -> 2983275.8 | L23: =O10 -> 472095.95 | M23: =N10 -> 497774.14 | N23: =U10 -> 160509.38 | O23: =SUM(H10:M10)+P10 -> 605936.66 | P23: =T10 -> 0 | Q23: =Y10 -> 0 | S23: =SUM(D23:Q23) -> 92552801 | T23: =S23/S21 -> 0.34133173 | U23: =T23-T36 -> 0.12334309
B25: Original
B27: MI | C27: Demand | D27: Concrete | E27: Other construction materials | F27: Clay brick | G27: Steel & iron | H27: Copper | I27: Aluminum | J27: Other metals | K27: Wood | L27: Glass | M27: Ceramics | N27: Plastics | O27: Insulation | P27: Other | Q27: Other biobased materials
